ID,p_delay
1,0.1038871506
2,0.0991034527
3,0.1471739676
4,0.1507096502
5,0.1441775811
6,0.1366341647
7,0.1280034302
8,0.1299277795
9,0.1021493187
10,0.1101952186
11,0.1471739676
12,0.1507096502
13,0.1441775811
14,0.1366341647
15,0.1295218511
46,0.1021493187
47,0.1101952186
48,0.1471739676
49,0.1507096502
50,0.1501999016
51,0.1411936844
52,0.1305089793
53,0.1280034302
54,0.113459778
55,0.1096325299
56,0.1047319373
57,0.1122136186
58,0.1155079584
59,0.1193944184
60,0.1202286953
61,0.11266746
62,0.1096325299
63,0.1202286953
64,0.1147755818
65,0.113459778
66,0.1057059319
67,0.1085596975
68,0.1155079584
69,0.1193944184
70,0.1158977894
71,0.1113898791
72,0.1113898791
99,0.1147755818
100,0.113459778
101,0.1057059319
102,0.1085596975
103,0.1155079584
104,0.1193944184
105,0.1158977894
106,0.1113898791
107,0.1147755818
108,0.1114771257
109,0.1057059319
110,0.1085596975
111,0.1155079584
112,0.1193944184
113,0.11266746
144,0.1147755818
145,0.1114771257
146,0.1057059319
147,0.1085596975
148,0.1142192178
149,0.1167258855
150,0.1210130568
151,0.1158977894
152,0.107954245
153,0.1159880346
154,0.1189246366
155,0.1247143164
156,0.1241717259
157,0.1218092516
158,0.117445263
159,0.1173806255
160,0.1159880346
161,0.117445263
162,0.1023238732
163,0.107954245
164,0.1188424966
165,0.122403474
166,0.1241717259
167,0.1218092516
168,0.1173981114
169,0.1217587724
170,0.1217587724
197,0.1023238732
198,0.107954245
199,0.1188424966
200,0.122403474
201,0.1241717259
202,0.1218092516
203,0.1173981114
204,0.1217587724
205,0.1034417323
206,0.1121083698
207,0.1188424966
208,0.122403474
209,0.1241717259
210,0.1218092516
211,0.1173806255
242,0.1034417323
243,0.1121083698
244,0.1188424966
245,0.122403474
246,0.1233898517
247,0.124114235
248,0.1188299286
249,0.1173981114
250,0.1193752349
251,0.1127461066
252,0.1153454608
253,0.1141773855
254,0.1149568078
255,0.1114771257
256,0.1114152168
257,0.111978422
258,0.1106839738
259,0.1127461066
260,0.111978422
261,0.1209495346
262,0.1193752349
263,0.1153659237
264,0.1146984993
265,0.1149568078
266,0.1114771257
267,0.1119730265
268,0.1112876835
269,0.1112876835
297,0.1209495346
298,0.1193752349
299,0.1153659237
300,0.1146984993
301,0.1149568078
302,0.1114771257
303,0.1119730265
304,0.1112876835
305,0.120677914
306,0.1147395416
307,0.1153659237
308,0.1146984993
309,0.1149568078
310,0.1114771257
311,0.1106839738
342,0.120677914
343,0.1147395416
344,0.1153659237
345,0.1146984993
346,0.1143264748
347,0.1128135079
348,0.1114152168
349,0.1119730265
350,0.1280845294
351,0.131134369
352,0.1226768726
353,0.1153659237
354,0.1122423892
355,0.1096864764
356,0.1014006081
357,0.0976299324
358,0.0994812442
359,0.101834661
360,0.131134369
361,0.1096864764
362,0.0976299324
363,0.124114235
364,0.1280845294
365,0.127063547
366,0.1181504468
367,0.1096864764
368,0.1066688358
369,0.0984484061
370,0.101834661
401,0.124114235
402,0.1280845294
403,0.127063547
404,0.1181504468
405,0.1096864764
406,0.1066688358
407,0.0984484061
408,0.101834661
409,0.1271962439
410,0.1313360075
411,0.127063547
412,0.1181504468
413,0.1096864764
414,0.1066688358
415,0.0976299324
416,0.0994812442
448,0.1271962439
449,0.1313360075
450,0.127063547
451,0.1181504468
452,0.1122423892
453,0.1084646829
454,0.1014006081
455,0.0984484061
456,0.1190392773
457,0.1103252022
458,0.1109927299
459,0.1055922735
460,0.1039148733
461,0.1015020483
462,0.0972770956
463,0.0960141412
464,0.0922333586
465,0.1148474428
466,0.1091890046
467,0.0889984545
468,0.1196050802
469,0.1190392773
470,0.1109322594
471,0.1091890046
472,0.1015020483
473,0.0972770956
499,0.1196050802
500,0.1190392773
501,0.1109322594
502,0.1091890046
503,0.1015020483
504,0.0972770956
505,0.1189391897
506,0.1148474428
507,0.1109322594
508,0.1091890046
509,0.1015020483
510,0.0972770956
511,0.0960141412
512,0.0922333586
543,0.1189391897
544,0.1148474428
545,0.1109322594
546,0.1091890046
547,0.1039148733
548,0.0982527081
549,0.0966574386
550,0.0942203959
551,0.0846427312
552,0.0897046195
553,0.1039553937
554,0.1037912171
555,0.1024484672
556,0.1008413291
557,0.1007405964
558,0.1044211766
559,0.1018977077
560,0.097631584
561,0.1039553937
562,0.1007405964
563,0.097631584
564,0.096293803
565,0.1081892683
566,0.1008413291
567,0.1007405964
568,0.0978654215
569,0.0981950664
595,0.096293803
596,0.1081892683
597,0.1008413291
598,0.1007405964
599,0.0978654215
600,0.0981950664
601,0.084487954
602,0.0850004693
603,0.096293803
604,0.1081892683
605,0.1008413291
606,0.1007405964
607,0.1018977077
608,0.097631584
638,0.084487954
639,0.0850004693
640,0.096293803
641,0.1081892683
642,0.1024484672
643,0.0987260521
644,0.1044211766
645,0.0978654215
646,0.0915933455
647,0.0971210278
648,0.1016581841
649,0.1038494885
650,0.1016581841
651,0.1020119968
652,0.1024483363
653,0.1020569602
654,0.0973263643
655,0.0937193069
656,0.0971210278
657,0.0973263643
658,0.0985101016
659,0.0915933455
660,0.1016581841
661,0.1030176454
662,0.1024483363
663,0.1020569602
664,0.0954373332
665,0.0896988893
694,0.0985101016
695,0.0915933455
696,0.1016581841
697,0.1030176454
698,0.1024483363
699,0.1020569602
700,0.0954373332
701,0.0896988893
702,0.095380948
703,0.0927751737
704,0.1016581841
705,0.1030176454
706,0.1024483363
707,0.1020569602
708,0.0937193069
739,0.095380948
740,0.0927751737
741,0.1016581841
742,0.1030176454
743,0.1020119968
744,0.1028894003
745,0.0990220965
746,0.0954373332
747,0.0831683848
748,0.1012849991
749,0.1096588237
750,0.1050153149
751,0.1033546868
752,0.0889908637
753,0.0887984718
754,0.0858437557
755,0.1012849991
756,0.0887984718
757,0.0832708877
758,0.0831683848
759,0.1119694251
760,0.1058543042
761,0.1033546868
762,0.0889908637
763,0.0913601315
764,0.0815159444
790,0.0832708877
791,0.0831683848
792,0.1119694251
793,0.1058543042
794,0.1033546868
795,0.0889908637
796,0.0913601315
797,0.0815159444
798,0.0840611348
799,0.0877865916
800,0.1119694251
801,0.1058543042
802,0.1033546868
803,0.0889908637
804,0.0858437557
835,0.0840611348
836,0.0877865916
837,0.1119694251
838,0.1058543042
839,0.1043646574
840,0.0968488745
841,0.0861255355
842,0.0913601315
843,0.0823197033
844,0.083591297
845,0.0926556974
846,0.1086133891
847,0.104018317
848,0.0883859954
849,0.0862268592
850,0.0871082155
851,0.083591297
852,0.0862268592
853,0.0810301992
854,0.0823197033
855,0.0880956212
856,0.0986306789
857,0.104018317
858,0.0883859954
859,0.0884843161
860,0.0852653176
887,0.0810301992
888,0.0823197033
889,0.0880956212
890,0.0986306789
891,0.104018317
892,0.0883859954
893,0.0884843161
894,0.0852653176
895,0.0816983871
896,0.0828151783
897,0.0880956212
898,0.0986306789
899,0.104018317
900,0.0883859954
901,0.0871082155
932,0.0816983871
933,0.0828151783
934,0.0880956212
935,0.0986306789
936,0.1104903252
937,0.0959241796
938,0.0848160031
939,0.0884843161
940,0.0795092917
941,0.0819920971
942,0.0846188488
943,0.0873775972
944,0.0880443619
945,0.0858604494
946,0.0841310314
947,0.083591297
948,0.0838589095
949,0.0834379963
950,0.0819920971
951,0.0838589095
952,0.0792148616
953,0.0795092917
954,0.0825652684
955,0.0857970729
956,0.0858604494
957,0.0841310314
958,0.0843359446
959,0.0816656786
988,0.0792148616
989,0.0795092917
990,0.0825652684
991,0.0857970729
992,0.0858604494
993,0.0841310314
994,0.0843359446
995,0.0816656786
996,0.0795092917
997,0.0808415891
998,0.0825652684
999,0.0857970729
1000,0.0858604494
1001,0.0841310314
1002,0.0834379963
1033,0.0795092917
1034,0.0808415891
1035,0.0825652684
1036,0.0857970729
1037,0.0880443619
1038,0.0846889432
1039,0.083591297
1040,0.0843359446
1041,0.0764117459
1042,0.0800623446
1043,0.0839842824
1044,0.0854304268
1045,0.0870517027
1046,0.0887790843
1047,0.0876554774
1048,0.0860418344
1049,0.0837838628
1050,0.0841310314
1051,0.0800623446
1052,0.0887790843
1053,0.0781326914
1054,0.0764117459
1055,0.0831716052
1056,0.084837999
1057,0.0887790843
1058,0.0876554774
1059,0.083591297
1060,0.0833281599
1090,0.0781326914
1091,0.0764117459
1092,0.0831716052
1093,0.084837999
1094,0.0887790843
1095,0.0876554774
1096,0.083591297
1097,0.0833281599
1098,0.0766651148
1099,0.0772155621
1100,0.0831716052
1101,0.084837999
1102,0.0887790843
1103,0.0876554774
1104,0.0837838628
1105,0.0841310314
1137,0.0766651148
1138,0.0772155621
1139,0.0831716052
1140,0.084837999
1141,0.0870517027
1142,0.088385318
1143,0.0860418344
1144,0.083591297
1145,0.076797238
1146,0.0784666149
1147,0.0826521565
1148,0.0894390111
1149,0.0857970729
1150,0.083591297
1151,0.0798955584
1152,0.0841310314
1153,0.0884348046
1154,0.0772155621
1155,0.0873775972
1156,0.0871082155
1157,0.0785273291
1158,0.076797238
1159,0.0802012288
1160,0.0873775972
1161,0.083591297
1162,0.0798955584
1188,0.0785273291
1189,0.076797238
1190,0.0802012288
1191,0.0873775972
1192,0.083591297
1193,0.0798955584
1194,0.0778533573
1195,0.0772155621
1196,0.0802012288
1197,0.0873775972
1198,0.083591297
1199,0.0798955584
1200,0.0841310314
1201,0.0884348046
1232,0.0778533573
1233,0.0772155621
1234,0.0802012288
1235,0.0873775972
1236,0.0857970729
1237,0.0817535377
1238,0.0802012288
1239,0.089483111
1240,0.0901190981
1241,0.1088105102
1242,0.13064257
1243,0.1228985186
1244,0.1243785833
1245,0.1253698226
1246,0.1077883236
1247,0.1009977593
1248,0.0984296213
1249,0.1035091401
1250,0.13064257
1251,0.1077883236
1252,0.1035091401
1253,0.1276314322
1254,0.1286201439
1255,0.1253698226
1256,0.1077883236
1257,0.1003902128
1258,0.0993932925
1284,0.1276314322
1285,0.1286201439
1286,0.1253698226
1287,0.1077883236
1288,0.1003902128
1289,0.0993932925
1290,0.0947176483
1291,0.0918385519
1292,0.1276314322
1293,0.1286201439
1294,0.1253698226
1295,0.1077883236
1296,0.0984296213
1297,0.1035091401
1327,0.0947176483
1328,0.0918385519
1329,0.1276314322
1330,0.1286201439
1331,0.1243785833
1332,0.117476698
1333,0.1009977593
1334,0.1003902128
1335,0.0798967154
1336,0.0894390111
1337,0.1223088365
1338,0.1423215913
1339,0.1316630136
1340,0.126427868
1341,0.1227963566
1342,0.1068406861
1343,0.1018581152
1344,0.0894390111
1345,0.1068406861
1346,0.0806240295
1347,0.0798967154
1348,0.1029903025
1349,0.1414632144
1350,0.126427868
1351,0.1227963566
1352,0.1059339214
1353,0.1018326995
1381,0.0806240295
1382,0.0798967154
1383,0.1029903025
1384,0.126427868
1385,0.1227963566
1386,0.1018326995
1387,0.0802012288
1388,0.0813802745
1389,0.1029903025
1390,0.1414632144
1391,0.126427868
1392,0.1227963566
1393,0.1068406861
1394,0.1018581152
1426,0.0802012288
1427,0.0813802745
1428,0.1029903025
1429,0.1414632144
1430,0.1316630136
1431,0.1299238132
1432,0.1116040491
1433,0.1059339214
1434,0.103101784
1435,0.0996234287
1436,0.1237031848
1437,0.1393557698
1438,0.1225460024
1439,0.1045030529
1440,0.1051221784
1441,0.1034151939
1442,0.0996234287
1443,0.1051221784
1444,0.1036152394
1445,0.103101784
1446,0.1121289239
1447,0.1326869424
1448,0.1225460024
1449,0.1045030529
1450,0.1013833577
1451,0.1091761652
1478,0.1036152394
1479,0.103101784
1480,0.1121289239
1481,0.1326869424
1482,0.1225460024
1483,0.1045030529
1484,0.1013833577
1485,0.1091761652
1486,0.1036548685
1487,0.0990758666
1488,0.1121289239
1489,0.1326869424
1490,0.1225460024
1491,0.1045030529
1492,0.1051221784
1493,0.1034151939
1525,0.1036548685
1526,0.0990758666
1527,0.1121289239
1528,0.1326869424
1529,0.1328131006
1530,0.1134734023
1531,0.1044520881
1532,0.1013833577
1533,0.0931645342
1534,0.1060177399
1535,0.1217840044
1536,0.1323486237
1537,0.1244148386
1538,0.1056321889
1539,0.1078835762
1540,0.1096864764
1541,0.1060177399
1542,0.1078835762
1543,0.089490708
1544,0.0931645342
1545,0.113240654
1546,0.1279065275
1547,0.1244148386
1548,0.1056321889
1549,0.1116099613
1550,0.0993767184
1577,0.089490708
1578,0.0931645342
1579,0.113240654
1580,0.1279065275
1581,0.1244148386
1582,0.1056321889
1583,0.1116099613
1584,0.0993767184
1585,0.089640518
1586,0.0970134151
1587,0.113240654
1588,0.1279065275
1589,0.1244148386
1590,0.1056321889
1591,0.1096864764
1622,0.089640518
1623,0.0970134151
1624,0.113240654
1625,0.1279065275
1626,0.1363382529
1627,0.1122886987
1628,0.1050104122
1629,0.1116099613
1630,0.0947215356
1631,0.1048251848
1632,0.1278570598
1633,0.1270211377
1634,0.0992925769
1635,0.098908593
1636,0.1066286022
1637,0.1028841843
1638,0.1046582672
1639,0.1048251848
1640,0.1028841843
1641,0.0888851704
1642,0.0947215356
1643,0.1172948901
1644,0.1352836588
1645,0.0992925769
1646,0.098908593
1647,0.1027963514
1648,0.1047319373
1676,0.0888851704
1677,0.0947215356
1678,0.1172948901
1679,0.1352836588
1680,0.0992925769
1681,0.098908593
1682,0.1027963514
1683,0.1047319373
1684,0.0912217659
1685,0.0959759384
1686,0.1172948901
1687,0.1352836588
1688,0.0992925769
1689,0.098908593
1690,0.1046582672
1721,0.0912217659
1722,0.0959759384
1723,0.1172948901
1724,0.1352836588
1725,0.1103249292
1726,0.0934087153
1727,0.1066286022
1728,0.1027963514
1729,0.1081698987
1730,0.1117624237
1731,0.1116997707
1732,0.113446223
1733,0.1154701279
1734,0.1194273075
1735,0.1191410175
1736,0.1205176761
1737,0.1186796789
1738,0.1005712884
1739,0.1117624237
1740,0.1194273075
1741,0.1186796789
1742,0.1164316365
1743,0.1081698987
1744,0.1117265765
1745,0.1134734023
1746,0.1194273075
1747,0.1191410175
1748,0.1109284561
1749,0.0940388108
1779,0.1164316365
1780,0.1081698987
1781,0.1117265765
1782,0.1134734023
1783,0.1194273075
1784,0.1191410175
1785,0.1109284561
1786,0.0940388108
1787,0.1134840334
1788,0.1081987576
1789,0.1117265765
1790,0.1134734023
1791,0.1194273075
1792,0.1191410175
1793,0.1186796789
1794,0.1005712884
1826,0.1134840334
1827,0.1081987576
1828,0.1117265765
1829,0.1134734023
1830,0.1154701279
1831,0.1192557481
1832,0.1205176761
1833,0.1109284561
1834,0.102465472
1835,0.1060158432
1836,0.1128729554
1837,0.1198186956
1838,0.1205280674
1839,0.119919639
1840,0.1160472055
1841,0.1073098471
1842,0.1009069235
1843,0.1034276205
1844,0.1172708978
1845,0.097803068
1846,0.1042393315
1847,0.102465472
1848,0.1098663704
1849,0.1172708978
1850,0.119919639
1851,0.1160472055
1877,0.1042393315
1878,0.102465472
1879,0.1098663704
1880,0.1172708978
1881,0.119919639
1882,0.1160472055
1883,0.1028978816
1884,0.1034276205
1885,0.1098663704
1886,0.1172708978
1887,0.119919639
1888,0.1160472055
1889,0.1073098471
1890,0.1009069235
1921,0.1028978816
1922,0.1034276205
1923,0.1098663704
1924,0.1172708978
1925,0.1205280674
1926,0.1185745663
1927,0.1121105209
1928,0.1041679739
1929,0.1019002532
1930,0.1063407212
1931,0.1080734219
1932,0.1112248645
1933,0.1118706471
1934,0.1099572966
1935,0.1085840151
1936,0.1078443141
1937,0.1091012231
1938,0.1116857275
1939,0.1080734219
1940,0.1085840151
1941,0.1116857275
1942,0.1069245579
1943,0.1099082868
1944,0.1099572966
1945,0.1085840151
1946,0.1116857275
1947,0.1116313481
1973,0.1069245579
1974,0.1099082868
1975,0.1099572966
1976,0.1085840151
1977,0.1116857275
1978,0.1116313481
1979,0.1013848491
1980,0.1035091401
1981,0.1069245579
1982,0.1099082868
1983,0.1099572966
1984,0.1085840151
1985,0.1091012231
1986,0.1116857275
2016,0.1013848491
2017,0.1035091401
2018,0.1069245579
2019,0.1099082868
2020,0.1118706471
2021,0.1087211769
2022,0.1078443141
2023,0.1116857275
2024,0.1197200476
2025,0.1168303754
2026,0.1188057769
2027,0.1224182896
2028,0.1205990051
2029,0.1186615696
2030,0.1187570632
2031,0.1116127716
2032,0.1003447069
2033,0.1168303754
2034,0.1116127716
2035,0.1209909005
2036,0.1197200476
2037,0.1175942033
2038,0.1214099278
2039,0.1186615696
2040,0.1187570632
2041,0.1061861685
2042,0.1002547226
2070,0.1209909005
2071,0.1197200476
2072,0.1175942033
2073,0.1214099278
2074,0.1186615696
2075,0.1187570632
2076,0.1061861685
2077,0.1002547226
2078,0.12085986
2079,0.1174769323
2080,0.1175942033
2081,0.1214099278
2082,0.1186615696
2083,0.1187570632
2084,0.1003447069
2115,0.12085986
2116,0.1174769323
2117,0.1175942033
2118,0.1214099278
2119,0.1205990051
2120,0.1194555561
2121,0.1148602449
2122,0.1061861685
2123,0.0892192482
2124,0.0779434235
2125,0.0752841801
2126,0.07671416
2127,0.0800776907
2128,0.0794155084
2129,0.0814515876
2130,0.0802631462
2131,0.0779434235
2132,0.0814515876
2133,0.093736178
2134,0.0892192482
2135,0.0753758235
2136,0.0755073316
2137,0.0800776907
2138,0.0794155084
2139,0.0821138773
2140,0.0791396427
2167,0.093736178
2168,0.0892192482
2169,0.0753758235
2170,0.0755073316
2171,0.0800776907
2172,0.0794155084
2173,0.0821138773
2174,0.0791396427
2175,0.093736178
2176,0.0838988136
2177,0.0753758235
2178,0.0755073316
2179,0.0800776907
2180,0.0794155084
2181,0.0802631462
2212,0.093736178
2213,0.0838988136
2214,0.0753758235
2215,0.0755073316
2216,0.0786969668
2217,0.0799755188
2218,0.0800776907
2219,0.0821138773
2220,0.0863675811
2221,0.0910394301
2222,0.0966078632
2223,0.0982926415
2224,0.0936511947
2225,0.0844428394
2226,0.0849469375
2227,0.0822674023
2228,0.0910394301
2229,0.0849469375
2230,0.0879942669
2231,0.0863675811
2232,0.0921690891
2233,0.1010811306
2234,0.0936511947
2235,0.0844428394
2236,0.0852405721
2237,0.0803554344
2264,0.0879942669
2265,0.0863675811
2266,0.0921690891
2267,0.1010811306
2268,0.0936511947
2269,0.0844428394
2270,0.0852405721
2271,0.0803554344
2272,0.0874890921
2273,0.0871535242
2274,0.0910394301
2275,0.0921690891
2276,0.1010811306
2277,0.0936511947
2278,0.0844428394
2279,0.0822674023
2311,0.0874890921
2312,0.0871535242
2313,0.0921690891
2314,0.1010811306
2315,0.0971975916
2316,0.0869296774
2317,0.0846798112
2318,0.0852405721
2319,0.0834745335
2320,0.0869626421
2321,0.0876695472
2322,0.08858876
2323,0.0891611715
2324,0.0890270324
2325,0.0892857295
2326,0.0897110753
2327,0.0886822418
2328,0.0881339408
2329,0.0865030578
2330,0.0869626421
2331,0.0881339408
2332,0.0798427956
2333,0.0834745335
2334,0.0876695472
2335,0.0893718054
2336,0.0892857295
2337,0.0897110753
2338,0.088089794
2339,0.0851088247
2369,0.0798427956
2370,0.0834745335
2371,0.0876695472
2372,0.0893718054
2373,0.0892857295
2374,0.0897110753
2375,0.088089794
2376,0.0851088247
2377,0.0815157904
2378,0.085359506
2379,0.0876695472
2380,0.08858876
2381,0.0893718054
2382,0.0892857295
2383,0.0898635474
2384,0.0897110753
2385,0.0881339408
2386,0.0865030578
2420,0.0815157904
2421,0.085359506
2422,0.0876695472
2423,0.0893718054
2424,0.0890270324
2425,0.0898635474
2426,0.0886822418
2427,0.088089794
2428,0.0765787142
2429,0.088809668
2430,0.0939296438
2431,0.1006324938
2432,0.1068569822
2433,0.1006080695
2434,0.097706691
2435,0.0949071336
2436,0.0901344103
2437,0.0869218918
2438,0.0863168968
2439,0.0859694821
2440,0.0859766913
2441,0.085571824
2442,0.088809668
2443,0.088809668
2444,0.097706691
2445,0.0949071336
2446,0.0859694821
2447,0.0808151623
2448,0.0765787142
2449,0.0939296438
2450,0.1068569822
2451,0.0949071336
2452,0.0869218918
2453,0.0859766913
2454,0.0852928316
2488,0.0808151623
2489,0.0765787142
2490,0.0939296438
2491,0.1068569822
2492,0.0949071336
2493,0.0869218918
2494,0.0859766913
2495,0.0852928316
2496,0.0778795226
2497,0.0765787142
2498,0.0795022549
2499,0.0939296438
2500,0.1006324938
2501,0.1068569822
2502,0.0949071336
2503,0.0869218918
2504,0.0863168968
2505,0.0859694821
2506,0.085571824
2542,0.0778795226
2543,0.0795022549
2544,0.0939296438
2545,0.1068569822
2546,0.097706691
2547,0.0949071336
2548,0.0901344103
2549,0.0863168968
2550,0.0859766913
2551,0.0870817844
2552,0.0896360347
2553,0.0886606237
2554,0.0867519458
2555,0.0871859164
2556,0.0877922536
2557,0.088500966
2558,0.086128481
2559,0.0828008723
2560,0.0863721164
2561,0.0867645684
2562,0.0845326094
2563,0.0839409247
2564,0.0860155067
2565,0.0874425007
2566,0.0870817844
2567,0.0859714059
2568,0.0850136449
2569,0.0886606237
2570,0.0867519458
2571,0.088500966
2572,0.0828008723
2573,0.0859714059
2574,0.0870150207
2575,0.0896360347
2576,0.0871859164
2577,0.088500966
2578,0.0863721164
2579,0.0845326094
2614,0.0870150207
2615,0.0896360347
2616,0.0871859164
2617,0.088500966
2618,0.0863721164
2619,0.0845326094
2620,0.0870817844
2621,0.0896360347
2622,0.0886606237
2623,0.0871859164
2624,0.0877922536
2625,0.088500966
2626,0.0863721164
2627,0.0845326094
2628,0.0839409247
2629,0.0860155067
2630,0.0870817844
2665,0.0870817844
2666,0.0886606237
2667,0.0871859164
2668,0.088500966
2669,0.0828008723
2670,0.0863721164
2671,0.0867645684
2672,0.0839409247
2673,0.0874425007
2674,0.0840491527
2675,0.0854987467
2676,0.0866436834
2677,0.0866889556
2678,0.0864627955
2679,0.0863277459
2680,0.086290408
2681,0.0860908011
2682,0.0858173185
2683,0.0846162344
2684,0.0846783688
2685,0.0845252183
2686,0.0864627955
2687,0.0846162344
2688,0.0845252183
2689,0.0866889556
2690,0.0863277459
2691,0.0858173185
2692,0.0846162344
2693,0.0846065675
2694,0.0846053263
2722,0.0866889556
2723,0.0863277459
2724,0.0858173185
2725,0.0846162344
2726,0.0846065675
2727,0.0846053263
2728,0.0829711526
2729,0.0854987467
2730,0.0866889556
2731,0.0863277459
2732,0.0858173185
2733,0.0846162344
2734,0.0846783688
2735,0.0845252183
2765,0.0829711526
2766,0.0854987467
2767,0.0866889556
2768,0.0863277459
2769,0.0860908011
2770,0.0851773431
2771,0.0845909839
2772,0.0846065675
2773,0.0777901722
2774,0.0786824533
2775,0.0803639279
2776,0.0811132862
2777,0.081406562
2778,0.081910503
2779,0.0821163924
2780,0.0831522249
2781,0.0843709076
2782,0.0786824533
2783,0.0831522249
2784,0.0794272111
2785,0.0811132862
2786,0.081910503
2787,0.0821163924
2812,0.0794272111
2813,0.0811132862
2814,0.081910503
2815,0.0821163924
2816,0.0780871363
2817,0.0782062256
2818,0.0794272111
2819,0.0811132862
2820,0.081910503
2821,0.0821163924
2822,0.0831522249
2823,0.0843709076
2852,0.0782062256
2853,0.0794272111
2854,0.0811132862
2855,0.0816122338
2856,0.0822054426
2857,0.0819424862
2858,0.0843648186
2859,0.0812727824
2860,0.081036845
2861,0.0811147203
2862,0.0811892898
2863,0.0815680824
2864,0.0822291844
2865,0.0830397407
2866,0.0837225247
2867,0.0838346022
2868,0.0838605039
2869,0.083911186
2870,0.0837771788
2871,0.0836142938
2872,0.0834816722
2873,0.0831384495
2874,0.0830606712
2875,0.0827790295
2876,0.0811892898
2877,0.0811892898
2878,0.0838346022
2879,0.0834816722
2880,0.0816392386
2881,0.081036845
2882,0.0815680824
2883,0.0830397407
2884,0.0838605039
2885,0.0837771788
2886,0.0831384495
2887,0.0831303948
2923,0.0816392386
2924,0.081036845
2925,0.0815680824
2926,0.0830397407
2927,0.0838605039
2928,0.0837771788
2929,0.0831384495
2930,0.0831303948
2931,0.0812727824
2932,0.081036845
2933,0.0811147203
2934,0.0815680824
2935,0.0822291844
2936,0.0830397407
2937,0.0838605039
2938,0.0837771788
2939,0.0836142938
2940,0.0834816722
2941,0.0830606712
2977,0.0812727824
2978,0.0811147203
2979,0.0815680824
2980,0.0830397407
2981,0.0838346022
2982,0.0838605039
2983,0.083911186
2984,0.0836142938
2985,0.0831384495
2986,0.0813047865
2987,0.0812008865
2988,0.0806143856
2989,0.0797808009
2990,0.0803458963
2991,0.0820696981
2992,0.0840500647
2993,0.0844080792
2994,0.0842236767
2995,0.0834068914
2996,0.0829812845
2997,0.0827782863
2998,0.0823300758
2999,0.0820243077
3000,0.0823435017
3001,0.0834409563
3002,0.0847406213
3003,0.0857961357
3004,0.0797808009
3005,0.0797808009
3006,0.0842236767
3007,0.0820243077
3008,0.0816545257
3009,0.0812008865
3010,0.0803458963
3011,0.0840500647
3012,0.0834068914
3013,0.0827782863
3014,0.0823435017
3015,0.0847406213
3052,0.0816545257
3053,0.0812008865
3054,0.0803458963
3055,0.0840500647
3056,0.0834068914
3057,0.0827782863
3058,0.0823435017
3059,0.0847406213
3060,0.0813047865
3061,0.0812008865
3062,0.0806143856
3063,0.0803458963
3064,0.0820696981
3065,0.0840500647
3066,0.0834068914
3067,0.0827782863
3068,0.0823300758
3069,0.0820243077
3070,0.0834409563
3106,0.0813047865
3107,0.0806143856
3108,0.0803458963
3109,0.0840500647
3110,0.0842236767
3111,0.0834068914
3112,0.0829812845
3113,0.0823300758
3114,0.0823435017
3115,0.0843854245
3116,0.0861086553
3117,0.0877283464
3118,0.0898043083
3119,0.0916000698
3120,0.0935744134
3121,0.095363236
3122,0.0967950285
3123,0.0963510618
3124,0.0958099919
3125,0.0952563758
3126,0.096121526
3127,0.0971318573
3128,0.097137786
3129,0.0877283464
3130,0.0877283464
3131,0.095363236
3132,0.096121526
3133,0.0837875698
3134,0.0843854245
3135,0.0898043083
3136,0.0927679091
3137,0.0967950285
3138,0.0958099919
3139,0.0971318573
3140,0.097026174
3174,0.0837875698
3175,0.0843854245
3176,0.0898043083
3177,0.0927679091
3178,0.0967950285
3179,0.0958099919
3180,0.0971318573
3181,0.097026174
3182,0.0836623226
3183,0.0861086553
3184,0.0898043083
3185,0.0916000698
3186,0.0927679091
3187,0.0967950285
3188,0.0963510618
3189,0.0958099919
3190,0.096121526
3191,0.097137786
3225,0.0836623226
3226,0.0861086553
3227,0.0898043083
3228,0.0927679091
3229,0.095363236
3230,0.0963510618
3231,0.0952563758
3232,0.0971318573
3233,0.0895272305
3234,0.0895713696
3235,0.089220383
3236,0.0885338527
3237,0.0889462623
3238,0.0887223596
3239,0.0864721985
3240,0.0867207917
3241,0.0923730914
3242,0.0911073903
3243,0.084505927
3244,0.0834063041
3245,0.0823043341
3246,0.0830993312
3247,0.089220383
3248,0.089220383
3249,0.0867207917
3250,0.0923730914
3251,0.0823043341
3252,0.0909910809
3253,0.0895272305
3254,0.0885338527
3255,0.0887223596
3256,0.0923730914
3257,0.084505927
3258,0.0804905047
3259,0.0860215116
3293,0.0909910809
3294,0.0895272305
3295,0.0885338527
3296,0.0887223596
3297,0.0923730914
3298,0.084505927
3299,0.0804905047
3300,0.0860215116
3301,0.0898429488
3302,0.0895713696
3303,0.0885338527
3304,0.0889462623
3305,0.0887223596
3306,0.0923730914
3307,0.0911073903
3308,0.084505927
3309,0.0823043341
3310,0.0830993312
3344,0.0898429488
3345,0.0895713696
3346,0.0885338527
3347,0.0887223596
3348,0.0867207917
3349,0.0911073903
3350,0.0834063041
3351,0.0804905047
3352,0.0917485147
3353,0.0906829
3354,0.094184047
3355,0.0978599999
3356,0.0962972773
3357,0.0982508761
3358,0.094581499
3359,0.0879955382
3360,0.0861040386
3361,0.0853492838
3362,0.0774456314
3363,0.0905957647
3364,0.0906829
3365,0.0964326989
3366,0.0982508761
3367,0.0776111496
3368,0.0918704049
3369,0.0917485147
3370,0.094184047
3371,0.0964326989
3372,0.094581499
3373,0.0879955382
3401,0.0918704049
3402,0.0917485147
3403,0.094184047
3404,0.0964326989
3405,0.094581499
3406,0.0879955382
3407,0.0925780963
3408,0.0905957647
3409,0.094184047
3410,0.0964326989
3411,0.094581499
3412,0.0879955382
3413,0.0853492838
3414,0.0774456314
3446,0.0925780963
3447,0.0905957647
3448,0.094184047
3449,0.0964326989
3450,0.0982508761
3451,0.0917382502
3452,0.0861040386
3453,0.0812498084
3454,0.0768418543
3455,0.0770380843
3456,0.0886883737
3457,0.0944304521
3458,0.0954150798
3459,0.0914905582
3460,0.0824440381
3461,0.0817912681
3462,0.0776192972
3463,0.0886883737
3464,0.0824440381
3465,0.0776192972
3466,0.0850315684
3467,0.0888414258
3468,0.0914905582
3469,0.0824440381
3470,0.0793573867
3471,0.077589723
3496,0.0850315684
3497,0.0888414258
3498,0.0914905582
3499,0.0824440381
3500,0.0793573867
3501,0.077589723
3502,0.0772166784
3503,0.0765565711
3504,0.0850315684
3505,0.0888414258
3506,0.0914905582
3507,0.0824440381
3508,0.0817912681
3509,0.0776192972
3539,0.0772166784
3540,0.0765565711
3541,0.0850315684
3542,0.0888414258
3543,0.0954150798
3544,0.0850925428
3545,0.0839409231
3546,0.0793573867
3547,0.0749316913
3548,0.0748394681
3549,0.0810149236
3550,0.0882286994
3551,0.0896901783
3552,0.0885295663
3553,0.0846427312
3554,0.0801561013
3555,0.0776394219
3556,0.0757085666
3557,0.0748394681
3558,0.0748394681
3559,0.0896901783
3560,0.0846427312
3561,0.0757085666
3562,0.0758533244
3563,0.0847831924
3564,0.0885295663
3565,0.0846427312
3591,0.0758533244
3592,0.0847831924
3593,0.0885295663
3594,0.0846427312
3595,0.0750595768
3596,0.0750346286
3597,0.0758533244
3598,0.0847831924
3599,0.0885295663
3600,0.0846427312
3601,0.0776394219
3602,0.0757085666
3631,0.0750346286
3632,0.0758533244
3633,0.0847831924
3634,0.0896901783
3635,0.0876988075
3636,0.0801561013
3637,0.0767283811
3638,0.0753586022
3639,0.0768187578
3640,0.0784967945
3641,0.0828151783
3642,0.0878864458
3643,0.0900965052
3644,0.0898337305
3645,0.0892535045
3646,0.0913222877
3647,0.0902766569
3648,0.087694077
3649,0.0768187578
3650,0.0768187578
3651,0.0900965052
3652,0.0902766569
3653,0.0757375606
3654,0.0753586022
3655,0.0784967945
3656,0.0864092825
3657,0.0898337305
3658,0.0892535045
3659,0.0883318865
3660,0.0877817678
3690,0.0757375606
3691,0.0753586022
3692,0.0784967945
3693,0.0864092825
3694,0.0898337305
3695,0.0892535045
3696,0.0883318865
3697,0.0877817678
3698,0.0755410991
3699,0.0759480845
3700,0.0784967945
3701,0.0878864458
3702,0.0898337305
3703,0.0892535045
3704,0.0883318865
3705,0.0877817678
3737,0.0755410991
3738,0.0759480845
3739,0.0784967945
3740,0.0878864458
3741,0.0898337305
3742,0.0892535045
3743,0.0913222877
3744,0.0883318865
3745,0.0783269502
3746,0.0787817546
3747,0.0810632913
3748,0.08556052
3749,0.0856860461
3750,0.0852260999
3751,0.0845513696
3752,0.0820784517
3753,0.0787817546
3754,0.0845513696
3755,0.0792774162
3756,0.0783269502
3757,0.0794041636
3758,0.0841310314
3759,0.0856860461
3760,0.0852260999
3761,0.0834065377
3762,0.0811559763
3789,0.0792774162
3790,0.0783269502
3791,0.0794041636
3792,0.0841310314
3793,0.0856860461
3794,0.0852260999
3795,0.0834065377
3796,0.0811559763
3797,0.078441275
3798,0.0781609313
3799,0.0794041636
3800,0.08556052
3801,0.0856860461
3802,0.0852260999
3803,0.0834065377
3804,0.0811559763
3836,0.078441275
3837,0.0781609313
3838,0.0794041636
3839,0.08556052
3840,0.0856860461
3841,0.0852260999
3842,0.0846061972
3843,0.0834065377
3844,0.082234945
3845,0.086730744
3846,0.0952563758
3847,0.1058708109
3848,0.109727294
3849,0.1114727204
3850,0.1136513807
3851,0.1142121879
3852,0.1160752607
3853,0.1154186602
3854,0.086730744
3855,0.1160752607
3856,0.0816087671
3857,0.082234945
3858,0.0898429488
3859,0.1014836295
3860,0.1114727204
3861,0.1136513807
3862,0.1181247995
3863,0.1134023868
3891,0.0816087671
3892,0.082234945
3893,0.0898429488
3894,0.1014836295
3895,0.1114727204
3896,0.1136513807
3897,0.1181247995
3898,0.1134023868
3899,0.0815192367
3900,0.0840576278
3901,0.0898429488
3902,0.1058708109
3903,0.1114727204
3904,0.1136513807
3905,0.1181247995
3906,0.1134023868
3930,0.0815192367
3931,0.0840576278
3932,0.0898429488
3933,0.1058708109
3934,0.1114727204
3935,0.1136513807
3936,0.1142121879
3937,0.1181247995
3938,0.1145357405
3939,0.1241624485
3940,0.1308878871
3941,0.135430825
3942,0.1419628427
3943,0.1493665732
3944,0.1625471611
3945,0.1704117734
3946,0.1674782405
3947,0.1645929741
3948,0.1586019506
3949,0.1241624485
3950,0.1625471611
3951,0.1645929741
3952,0.1131242164
3953,0.1145357405
3954,0.1308878871
3955,0.1392018027
3956,0.1625471611
3957,0.1704117734
3958,0.1671370545
3959,0.152729771
3989,0.1131242164
3990,0.1145357405
3991,0.1308878871
3992,0.1392018027
3993,0.1625471611
3994,0.1704117734
3995,0.1671370545
3996,0.152729771
3997,0.1180580936
3998,0.1308878871
3999,0.1419628427
4000,0.1625471611
4001,0.1704117734
4002,0.1671370545
4003,0.152729771
4035,0.1125245404
4036,0.1180580936
4037,0.1308878871
4038,0.1419628427
4039,0.1625471611
4040,0.1704117734
4041,0.1674782405
4042,0.1671370545
4043,0.1159003464
4044,0.1172294178
4045,0.1200794289
4046,0.1195871137
4047,0.117482876
4048,0.1210574651
4049,0.1153812269
4050,0.119646482
4051,0.1165706126
4052,0.1202286953
4053,0.1196040856
4054,0.1173141279
4055,0.1159003464
4056,0.1185719005
4057,0.1202286953
4058,0.117482876
4059,0.1210574651
4084,0.1173141279
4085,0.1159003464
4086,0.1185719005
4087,0.1202286953
4088,0.117482876
4089,0.1210574651
4090,0.1159489846
4091,0.1165706126
4092,0.1185719005
4093,0.1195871137
4094,0.117482876
4095,0.1210574651
4096,0.1188643665
4097,0.1196040856
4128,0.1159489846
4129,0.1165706126
4130,0.1185719005
4131,0.1195871137
4132,0.117482876
4133,0.1210574651
4134,0.1167848818
4135,0.1188643665
4136,0.1128135079
4137,0.1147601297
4138,0.1115470373
4139,0.1062161397
4140,0.1026856091
4141,0.1031416519
4142,0.104856322
4143,0.1076180685
4144,0.113524429
4145,0.1175413558
4146,0.1139743158
4147,0.1062161397
4148,0.1076180685
4149,0.1139743158
4150,0.1115470373
4151,0.1034151939
4152,0.104856322
4153,0.1076180685
4154,0.1167529082
4155,0.1130829248
4181,0.1115470373
4182,0.1034151939
4183,0.104856322
4184,0.1076180685
4185,0.1167529082
4186,0.1130829248
4187,0.1115263827
4188,0.1147100917
4189,0.1115470373
4190,0.1026856091
4191,0.104856322
4192,0.1076180685
4193,0.1167529082
4194,0.1130829248
4225,0.1115263827
4226,0.1147100917
4227,0.1115470373
4228,0.1026856091
4229,0.104856322
4230,0.1076180685
4231,0.113524429
4232,0.1167529082
4233,0.1111163087
4234,0.1126359568
4235,0.1159281578
4236,0.1208470042
4237,0.1288305813
4238,0.123500673
4239,0.1226239092
4240,0.123328304
4241,0.1126359568
4242,0.1226239092
4243,0.1104838572
4244,0.1111163087
4245,0.1138771628
4246,0.1180565452
4247,0.1288305813
4248,0.123500673
4249,0.1225098849
4250,0.1218265819
4277,0.1104838572
4278,0.1111163087
4279,0.1138771628
4280,0.1180565452
4281,0.1288305813
4282,0.123500673
4283,0.1225098849
4284,0.1218265819
4285,0.1104838572
4286,0.11184293
4287,0.1138771628
4288,0.1208470042
4289,0.1288305813
4290,0.123500673
4291,0.1225098849
4292,0.1218265819
4324,0.1104838572
4325,0.11184293
4326,0.1138771628
4327,0.1208470042
4328,0.1288305813
4329,0.123500673
4330,0.1250200933
4331,0.1225098849
4332,0.1240553567
4333,0.1239012267
4334,0.1262826937
4335,0.1245795084
4336,0.1219497708
4337,0.1186836242
4338,0.1189255282
4339,0.1192416936
4340,0.1239012267
4341,0.1189255282
4342,0.1159186805
4343,0.1240553567
4344,0.1201275337
4345,0.1298329804
4346,0.1219497708
4347,0.1186836242
4348,0.1198391477
4349,0.1185388722
4376,0.1159186805
4377,0.1240553567
4378,0.1201275337
4379,0.1298329804
4380,0.1219497708
4381,0.1186836242
4382,0.1198391477
4383,0.1185388722
4384,0.1187035787
4385,0.127321
4386,0.1201275337
4387,0.1245795084
4388,0.1219497708
4389,0.1186836242
4390,0.1198391477
4391,0.1185388722
4423,0.1064431316
4424,0.1053945769
4425,0.1227994654
4426,0.123982954
4427,0.1204684577
4428,0.1204040807
4429,0.1075915918
4430,0.1044550502
4431,0.1053945769
4432,0.1075915918
4433,0.1082843194
4434,0.1064431316
4435,0.1169322101
4436,0.1231824023
4437,0.1204684577
4438,0.1204040807
4439,0.1060148427
4440,0.106450844
4467,0.1082843194
4468,0.1064431316
4469,0.1169322101
4470,0.1231824023
4471,0.1204684577
4472,0.1204040807
4473,0.1060148427
4474,0.106450844
4475,0.1098734735
4476,0.1018072894
4477,0.1169322101
4478,0.123982954
4479,0.1204684577
4480,0.1204040807
4481,0.1060148427
4482,0.106450844
4514,0.123982954
4515,0.1204684577
4516,0.1204040807
4517,0.1121233622
4518,0.1060148427
4519,0.1007454764
4520,0.1022572268
4521,0.1033338898
4522,0.1018813247
4523,0.0989080351
4524,0.0943268054
4525,0.0922333586
4526,0.0931405054
4527,0.1022572268
4528,0.0922333586
4529,0.1007454764
4530,0.1027527014
4531,0.1033886615
4532,0.0989080351
4533,0.0943268054
4534,0.0935353225
4535,0.092339631
4560,0.1019831913
4561,0.1007454764
4562,0.1027527014
4563,0.1033886615
4564,0.0989080351
4565,0.0943268054
4566,0.0935353225
4567,0.092339631
4568,0.1012427685
4569,0.1012427685
4570,0.1027527014
4571,0.1018813247
4572,0.0989080351
4573,0.0943268054
4574,0.0935353225
4575,0.092339631
4607,0.1012427685
4608,0.1012427685
4609,0.1027527014
4610,0.1018813247
4611,0.0989080351
4612,0.0943268054
4613,0.0925719685
4614,0.0935353225
4615,0.0886747715
4616,0.0918705388
4617,0.0939649403
4618,0.0952411138
4619,0.0989100731
4620,0.0984302963
4621,0.0993896386
4622,0.1030682906
4623,0.1026138978
4624,0.1014966535
4625,0.1050967374
4626,0.0918705388
4627,0.0993896386
4628,0.1014966535
4629,0.0880035205
4630,0.0886747715
4631,0.0939649403
4632,0.0979555285
4633,0.0993896386
4634,0.1030682906
4635,0.1029903025
4636,0.1079794367
4666,0.0880035205
4667,0.0886747715
4668,0.0939649403
4669,0.0979555285
4670,0.0993896386
4671,0.1030682906
4672,0.1029903025
4673,0.1079794367
4674,0.0883366202
4675,0.0896456439
4676,0.0939649403
4677,0.0989100731
4678,0.0993896386
4679,0.1030682906
4680,0.1029903025
4681,0.1079794367
4713,0.0883366202
4714,0.0896456439
4715,0.0939649403
4716,0.0989100731
4717,0.0993896386
4718,0.1030682906
4719,0.1026138978
4720,0.1029903025
4721,0.121035882
4722,0.1248100391
4723,0.1352786893
4724,0.1614313096
4725,0.153272261
4726,0.1324278633
4727,0.1195287811
4728,0.116374152
4729,0.1225000573
4730,0.1480153212
4731,0.109057358
4732,0.1150657553
4733,0.121035882
4734,0.1299389303
4735,0.1480153212
4736,0.153272261
4737,0.1324278633
4762,0.1150657553
4763,0.121035882
4764,0.1299389303
4765,0.1480153212
4766,0.153272261
4767,0.1324278633
4768,0.117892299
4769,0.1225000573
4770,0.1299389303
4771,0.1614313096
4772,0.153272261
4773,0.1324278633
4774,0.1194455211
4775,0.109057358
4806,0.117892299
4807,0.1225000573
4808,0.1299389303
4809,0.1614313096
4810,0.153272261
4811,0.1324278633
4812,0.1241297058
4813,0.1194455211
4814,0.0933248144
4815,0.0945867039
4816,0.0954419537
4817,0.0977350205
4818,0.1012126737
4819,0.104432921
4820,0.1012024507
4821,0.0950190461
4822,0.0959016351
4823,0.0967992537
4824,0.1001861736
4825,0.0977350205
4826,0.0950190461
4827,0.1001861736
4828,0.0954419537
4829,0.1006960694
4830,0.1012024507
4831,0.0950190461
4832,0.0991862418
4833,0.0991876294
4859,0.0954419537
4860,0.1006960694
4861,0.1012024507
4862,0.0950190461
4863,0.0991862418
4864,0.0991876294
4865,0.0963519968
4866,0.0921144908
4867,0.0954419537
4868,0.1012126737
4869,0.1012024507
4870,0.0950190461
4871,0.0991862418
4872,0.0991876294
4902,0.0963519968
4903,0.0921144908
4904,0.0954419537
4905,0.1012126737
4906,0.1012024507
4907,0.0950190461
4908,0.0959016351
4909,0.0991862418
4910,0.0941174765
4911,0.1079606768
4912,0.1409552851
4913,0.1852025756
4914,0.1692453631
4915,0.127369017
4916,0.1366100844
4917,0.1411434885
4918,0.1079606768
4919,0.1366100844
4920,0.0905013108
4921,0.0941174765
4922,0.1224283472
4923,0.1692728114
4924,0.1692453631
4925,0.127369017
4926,0.133318307
4927,0.1537242178
4954,0.0905013108
4955,0.0941174765
4956,0.1224283472
4957,0.1692728114
4958,0.1692453631
4959,0.127369017
4960,0.133318307
4961,0.1537242178
4962,0.0945478979
4963,0.097264007
4964,0.1224283472
4965,0.1852025756
4966,0.1692453631
4967,0.127369017
4968,0.133318307
4969,0.1537242178
5001,0.0945478979
5002,0.097264007
5003,0.1224283472
5004,0.1852025756
5005,0.1692453631
5006,0.127369017
5007,0.1340652628
5008,0.133318307
5009,0.1683895932
5010,0.170171606
5011,0.1751949124
5012,0.1862222828
5013,0.178250617
5014,0.1508321302
5015,0.1506017842
5016,0.1422526271
5017,0.170171606
5018,0.1506017842
5019,0.1951501131
5020,0.1683895932
5021,0.1676025814
5022,0.1874945253
5023,0.178250617
5024,0.1508321302
5025,0.1463477158
5026,0.1412664322
5053,0.1951501131
5054,0.1683895932
5055,0.1676025814
5056,0.1874945253
5057,0.178250617
5058,0.1508321302
5059,0.1463477158
5060,0.1412664322
5061,0.1827141067
5062,0.1661292028
5063,0.1676025814
5064,0.1862222828
5065,0.178250617
5066,0.1508321302
5067,0.1463477158
5068,0.1412664322
5100,0.1378157945
5101,0.1560668931
5102,0.1678894463
5103,0.1885507934
5104,0.1749027385
5105,0.1774629085
5106,0.1940813813
5107,0.186116993
5108,0.1560668931
5109,0.1940813813
5110,0.1405520357
5111,0.1378157945
5112,0.1675870244
5113,0.178746282
5114,0.1749027385
5115,0.1774629085
5116,0.1866054804
5117,0.1645915715
5144,0.1405520357
5145,0.1378157945
5146,0.1675870244
5147,0.178746282
5148,0.1749027385
5149,0.1774629085
5150,0.1866054804
5151,0.1645915715
5152,0.1344767955
5153,0.1460461449
5154,0.1675870244
5155,0.1885507934
5156,0.1749027385
5157,0.1774629085
5158,0.1866054804
5159,0.1645915715
5191,0.1344767955
5192,0.1460461449
5193,0.1675870244
5194,0.1885507934
5195,0.1749027385
5196,0.1774629085
5197,0.193321371
5198,0.1866054804
5199,0.132147328
5200,0.1265775637
5201,0.1346732996
5202,0.1558638088
5203,0.1536552218
5204,0.1404319263
5205,0.1329343159
5206,0.125512653
5207,0.1265775637
5208,0.1329343159
5209,0.1434977702
5210,0.132147328
5211,0.1292494406
5212,0.1443928736
5213,0.1536552218
5214,0.1404319263
5215,0.1282428461
5216,0.1219550827
5243,0.1434977702
5244,0.132147328
5245,0.1292494406
5246,0.1443928736
5247,0.1536552218
5248,0.1404319263
5249,0.1282428461
5250,0.1219550827
5251,0.1366267415
5252,0.128391284
5253,0.1292494406
5254,0.1558638088
5255,0.1536552218
5256,0.1404319263
5257,0.1282428461
5258,0.1219550827
5290,0.1366267415
5291,0.128391284
5292,0.1292494406
5293,0.1558638088
5294,0.1536552218
5295,0.1404319263
5296,0.1375193178
5297,0.1282428461
5298,0.1186016583
5299,0.1180948163
5300,0.1161808793
5301,0.1167600151
5302,0.1153381792
5303,0.1153728368
5304,0.1147601297
5305,0.1127461066
5306,0.1115263827
5307,0.1101980331
5308,0.107122406
5309,0.1180948163
5310,0.1147601297
5311,0.1101980331
5312,0.1178906048
5313,0.1186016583
5314,0.1161808793
5315,0.1160016098
5316,0.1147601297
5317,0.1127461066
5318,0.107824932
5319,0.1070402321
5349,0.1178906048
5350,0.1186016583
5351,0.1161808793
5352,0.1160016098
5353,0.1147601297
5354,0.1127461066
5355,0.107824932
5356,0.1070402321
5357,0.1186016583
5358,0.1192930597
5359,0.1161808793
5360,0.1153381792
5361,0.1147601297
5362,0.1127461066
5363,0.107824932
5364,0.1070402321
5396,0.1186016583
5397,0.1192930597
5398,0.1161808793
5399,0.1153381792
5400,0.1147601297
5401,0.1127461066
5402,0.1115263827
5403,0.107824932
5404,0.1043964159
5405,0.100586323
5406,0.1042385754
5407,0.1068592257
5408,0.1091969251
5409,0.1058463732
5410,0.1128000728
5411,0.1188921593
5412,0.1024296195
5413,0.1056695769
5414,0.1268369759
5415,0.1080372598
5416,0.1043964159
5417,0.1007824433
5418,0.1056695769
5419,0.1091969251
5420,0.1058463732
5445,0.1080372598
5446,0.1043964159
5447,0.1007824433
5448,0.1056695769
5449,0.1091969251
5450,0.1058463732
5451,0.1066716831
5452,0.1024296195
5453,0.1007824433
5454,0.1068592257
5455,0.1091969251
5456,0.1058463732
5457,0.1153198407
5458,0.1268369759
5489,0.1066716831
5490,0.1024296195
5491,0.1007824433
5492,0.1068592257
5493,0.1091969251
5494,0.1058463732
5495,0.109783482
5496,0.1153198407
5497,0.1585222612
5498,0.1508779215
5499,0.1445210001
5500,0.1463751713
5501,0.156460081
5502,0.138704778
5503,0.1325446121
5504,0.1217687057
5505,0.1188669754
5506,0.1190558301
5507,0.1181757368
5508,0.1463751713
5509,0.1256537138
5510,0.1181757368
5511,0.1445210001
5512,0.1558886392
5513,0.138704778
5514,0.1256537138
5515,0.1190558301
5516,0.1157472564
5545,0.1445210001
5546,0.1558886392
5547,0.138704778
5548,0.1256537138
5549,0.1190558301
5550,0.1157472564
5551,0.1621210889
5552,0.1534474768
5553,0.1445210001
5554,0.156460081
5555,0.138704778
5556,0.1256537138
5557,0.1190558301
5558,0.1157472564
5589,0.1621210889
5590,0.1534474768
5591,0.1445210001
5592,0.156460081
5593,0.138704778
5594,0.1256537138
5595,0.1217687057
5596,0.1190558301
5597,0.1057059319
5598,0.1157472564
5599,0.1386043316
5600,0.1371422105
5601,0.1312702661
5602,0.1241432538
5603,0.1201476064
5604,0.1153274876
5605,0.1157472564
5606,0.1201476064
5607,0.1103407305
5608,0.1057059319
5609,0.1212475251
5610,0.1457668854
5611,0.1312702661
5612,0.1241432538
5613,0.1178100288
5614,0.1128315183
5641,0.1103407305
5642,0.1057059319
5643,0.1212475251
5644,0.1457668854
5645,0.1312702661
5646,0.1241432538
5647,0.1178100288
5648,0.1128315183
5649,0.1074684632
5650,0.1104072959
5651,0.1212475251
5652,0.1371422105
5653,0.1312702661
5654,0.1241432538
5655,0.1178100288
5656,0.1128315183
5688,0.1074684632
5689,0.1104072959
5690,0.1212475251
5691,0.1371422105
5692,0.1312702661
5693,0.1241432538
5694,0.1208234157
5695,0.1178100288
5696,0.1216430699
5697,0.1048466365
5698,0.1034151939
5699,0.1074274044
5700,0.1128000728
5701,0.1147947661
5702,0.1096107953
5703,0.1148192184
5704,0.1048466365
5705,0.1096107953
5706,0.1222494242
5707,0.1216430699
5708,0.1019624779
5709,0.1055922735
5710,0.1128000728
5711,0.1147947661
5712,0.1121105209
5713,0.1133926164
5714,0.1222494242
5715,0.1216430699
5716,0.1019624779
5717,0.1055922735
5718,0.1128000728
5719,0.1147947661
5720,0.1121105209
5721,0.1133926164
5722,0.1211934291
5723,0.1151880721
5724,0.1019624779
5725,0.1074274044
5726,0.1128000728
5727,0.1147947661
5728,0.1121105209
5729,0.1133926164
5761,0.1211934291
5762,0.1151880721
5763,0.1019624779
5764,0.1074274044
5765,0.1128000728
5766,0.1147947661
5767,0.1115467348
5768,0.1121105209
5769,0.1280625067
5770,0.1287469008
5771,0.1287641885
5772,0.135843849
5773,0.1265777446
5774,0.1225253625
5775,0.1179728499
5776,0.1232777826
5777,0.1287469008
5778,0.1179728499
5779,0.1296907709
5780,0.1280625067
5781,0.1271516455
5782,0.1330512856
5783,0.1265777446
5784,0.1225253625
5785,0.120899756
5786,0.1233037968
5813,0.1296907709
5814,0.1280625067
5815,0.1271516455
5816,0.1330512856
5817,0.1265777446
5818,0.1225253625
5819,0.120899756
5820,0.1233037968
5821,0.1281471968
5822,0.1295519443
5823,0.1271516455
5824,0.135843849
5825,0.1265777446
5826,0.1225253625
5827,0.120899756
5828,0.1233037968
5860,0.1281471968
5861,0.1295519443
5862,0.1271516455
5863,0.135843849
5864,0.1265777446
5865,0.1225253625
5866,0.1186850449
5867,0.120899756
5868,0.1050332926
5869,0.1111740435
5870,0.1054332974
5871,0.0901455931
5872,0.0845991162
5873,0.0878769556
5874,0.0925128476
5875,0.0939306165
5876,0.1111740435
5877,0.0925128476
5878,0.1034470471
5879,0.1050332926
5880,0.1130931799
5881,0.0938252835
5882,0.0845991162
5883,0.0878769556
5884,0.0945373011
5885,0.0913222877
5912,0.1034470471
5913,0.1050332926
5914,0.1130931799
5915,0.0938252835
5916,0.0845991162
5917,0.0878769556
5918,0.0945373011
5919,0.0913222877
5920,0.1029709685
5921,0.1084374277
5922,0.1130931799
5923,0.0901455931
5924,0.0845991162
5925,0.0878769556
5926,0.0945373011
5927,0.0913222877
5959,0.1029709685
5960,0.1084374277
5961,0.1130931799
5962,0.0901455931
5963,0.0845991162
5964,0.0878769556
5965,0.0900105577
5966,0.0945373011
5967,0.0948817034
5968,0.0960799623
5969,0.1073203997
5970,0.1208261006
5971,0.1141045346
5972,0.1113899192
5973,0.1039913576
5974,0.0981810433
5975,0.0973261148
5976,0.0994426583
5977,0.0960799623
5978,0.1113899192
5979,0.0973261148
5980,0.0978132046
5981,0.0948817034
5982,0.1016730436
5983,0.1161209313
5984,0.1113899192
5985,0.1039913576
5986,0.0989117246
5987,0.096293803
6017,0.0978132046
6018,0.0948817034
6019,0.1016730436
6020,0.1161209313
6021,0.1113899192
6022,0.1039913576
6023,0.0989117246
6024,0.096293803
6025,0.0973175778
6026,0.0942315466
6027,0.1016730436
6028,0.1208261006
6029,0.1113899192
6030,0.1039913576
6031,0.0989117246
6032,0.096293803
6064,0.0973175778
6065,0.0942315466
6066,0.1016730436
6067,0.1208261006
6068,0.1113899192
6069,0.1039913576
6070,0.0981810433
6071,0.0989117246
6072,0.0997687769
6073,0.0975378498
6074,0.0987296526
6075,0.1006365591
6076,0.1044953688
6077,0.1045049462
6078,0.1075869527
6079,0.1034470471
6080,0.0987007529
6081,0.0968390544
6082,0.0999696942
6083,0.0947442906
6084,0.0997687769
6085,0.0992985859
6086,0.0968390544
6087,0.1044953688
6088,0.1045049462
6113,0.0947442906
6114,0.0997687769
6115,0.0992985859
6116,0.0968390544
6117,0.1044953688
6118,0.1045049462
6119,0.0978027856
6120,0.0987007529
6121,0.0992985859
6122,0.1006365591
6123,0.1044953688
6124,0.1045049462
6125,0.1065529146
6126,0.0999696942
6157,0.0978027856
6158,0.0987007529
6159,0.0992985859
6160,0.1006365591
6161,0.1044953688
6162,0.1045049462
6163,0.1065220416
6164,0.1065529146
6165,0.1009368882
6166,0.1055561035
6167,0.1101169805
6168,0.1150813913
6169,0.1193521155
6170,0.1239483442
6171,0.128289687
6172,0.1291453834
6173,0.1326726092
6174,0.1443191623
6175,0.1101169805
6176,0.128289687
6177,0.1443191623
6178,0.1077799913
6179,0.112490692
6180,0.1239483442
6181,0.128289687
6182,0.1392647583
6183,0.1472448347
6209,0.1077799913
6210,0.112490692
6211,0.1239483442
6212,0.128289687
6213,0.1392647583
6214,0.1472448347
6215,0.0999495171
6216,0.1034682768
6217,0.1077799913
6218,0.1150813913
6219,0.1239483442
6220,0.128289687
6221,0.1392647583
6222,0.1472448347
6252,0.0999495171
6253,0.1034682768
6254,0.1077799913
6255,0.1150813913
6256,0.1239483442
6257,0.128289687
6258,0.1291453834
6259,0.1392647583
6260,0.1538771602
6261,0.1576368253
6262,0.1763913223
6263,0.1864264341
6264,0.1906328265
6265,0.1613027693
6266,0.1360325034
6267,0.1109745763
6268,0.1576368253
6269,0.1360325034
6270,0.1583609149
6271,0.1538771602
6272,0.1674470881
6273,0.1810294133
6274,0.1906328265
6275,0.1613027693
6276,0.1039477133
6303,0.1583609149
6304,0.1538771602
6305,0.1674470881
6306,0.1810294133
6307,0.1906328265
6308,0.1613027693
6309,0.1242317537
6310,0.1039477133
6311,0.1562122345
6312,0.1550379359
6313,0.1674470881
6314,0.1864264341
6315,0.1906328265
6316,0.1613027693
6317,0.1242317537
6318,0.1039477133
6350,0.1562122345
6351,0.1550379359
6352,0.1674470881
6353,0.1864264341
6354,0.1906328265
6355,0.1613027693
6356,0.1469624199
6357,0.1242317537
6358,0.1038153166
6359,0.1252967632
6360,0.123120574
6361,0.125677452
6362,0.1201071765
6363,0.1113276118
6364,0.1039251488
6365,0.1016895018
6366,0.1252967632
6367,0.1039251488
6368,0.1010548146
6369,0.1038153166
6370,0.1272951931
6371,0.1229776799
6372,0.1201071765
6373,0.1113276118
6374,0.1049301965
6375,0.0990161244
6402,0.1010548146
6403,0.1038153166
6404,0.1272951931
6405,0.1229776799
6406,0.1201071765
6407,0.1113276118
6408,0.1049301965
6409,0.0990161244
6410,0.1046245472
6411,0.1100587435
6412,0.1272951931
6413,0.125677452
6414,0.1201071765
6415,0.1113276118
6416,0.1049301965
6417,0.0990161244
6449,0.1046245472
6450,0.1100587435
6451,0.1272951931
6452,0.125677452
6453,0.1201071765
6454,0.1113276118
6455,0.1044234311
6456,0.1049301965
6457,0.093195162
6458,0.0974527
6459,0.0972454369
6460,0.0996234287
6461,0.0992303873
6462,0.0911379854
6463,0.0877176874
6464,0.0882380145
6465,0.0974527
6466,0.0877176874
6467,0.0927187074
6468,0.093195162
6469,0.1000844479
6470,0.09701602
6471,0.0992303873
6472,0.0911379854
6473,0.0877044222
6474,0.0892931489
6501,0.0927187074
6502,0.093195162
6503,0.1000844479
6504,0.09701602
6505,0.0992303873
6506,0.0911379854
6507,0.0877044222
6508,0.0892931489
6509,0.0928062257
6510,0.0940431228
6511,0.1000844479
6512,0.0996234287
6513,0.0992303873
6514,0.0911379854
6515,0.0877044222
6516,0.0892931489
6548,0.0928062257
6549,0.0940431228
6550,0.1000844479
6551,0.0996234287
6552,0.0992303873
6553,0.0911379854
6554,0.0889112426
6555,0.0877044222
6556,0.0954680194
6557,0.0961550699
6558,0.1015639476
6559,0.1077043817
6560,0.1094181486
6561,0.1055922735
6562,0.1014006081
6563,0.1000124598
6564,0.0961550699
6565,0.1014006081
6566,0.0951713301
6567,0.0954680194
6568,0.0980634597
6569,0.1047376908
6570,0.1094181486
6571,0.1055922735
6572,0.1000241021
6573,0.1000813919
6600,0.0951713301
6601,0.0954680194
6602,0.0980634597
6603,0.1047376908
6604,0.1094181486
6605,0.1055922735
6606,0.1000241021
6607,0.1000813919
6608,0.0942203959
6609,0.0962485248
6610,0.0980634597
6611,0.1077043817
6612,0.1094181486
6613,0.1055922735
6614,0.1000241021
6615,0.1000813919
6647,0.0942203959
6648,0.0962485248
6649,0.0980634597
6650,0.1077043817
6651,0.1094181486
6652,0.1055922735
6653,0.1044219743
6654,0.1000241021
6655,0.1092414192
6656,0.1151521455
6657,0.1256982181
6658,0.1395097155
6659,0.1424703199
6660,0.1387623293
6661,0.1349654068
6662,0.1343281997
6663,0.1344839736
6664,0.1298171158
6665,0.1151521455
6666,0.1387623293
6667,0.1344839736
6668,0.1069245579
6669,0.1092414192
6670,0.1195541702
6671,0.1306862669
6672,0.1387623293
6673,0.1349654068
6674,0.1326284817
6675,0.129750436
6705,0.1069245579
6706,0.1092414192
6707,0.1195541702
6708,0.1306862669
6709,0.1387623293
6710,0.1349654068
6711,0.1326284817
6712,0.129750436
6713,0.1081560084
6714,0.1122839122
6715,0.1195541702
6716,0.1395097155
6717,0.1387623293
6718,0.1349654068
6719,0.1326284817
6720,0.129750436
6752,0.1081560084
6753,0.1122839122
6754,0.1195541702
6755,0.1395097155
6756,0.1387623293
6757,0.1349654068
6758,0.1343281997
6759,0.1326284817
6760,0.1272912061
6761,0.1323236946
6762,0.1623888375
6763,0.1769068944
6764,0.1530246186
6765,0.1411319048
6766,0.1411899546
6767,0.1360847219
6768,0.1288717139
6769,0.1777654234
6770,0.1334405583
6771,0.1262262226
6772,0.1272912061
6773,0.1469448206
6774,0.1777654234
6775,0.1530246186
6776,0.1411319048
6801,0.1262262226
6802,0.1272912061
6803,0.1469448206
6804,0.1777654234
6805,0.1530246186
6806,0.1411319048
6807,0.1263401444
6808,0.1288717139
6809,0.1469448206
6810,0.1769068944
6811,0.1530246186
6812,0.1411319048
6813,0.1389716496
6814,0.1334405583
6845,0.1263401444
6846,0.1288717139
6847,0.1469448206
6848,0.1769068944
6849,0.1530246186
6850,0.1411319048
6851,0.1402519451
6852,0.1389716496
6853,0.13074188
6854,0.134361799
6855,0.1473854972
6856,0.1633900853
6857,0.1644269893
6858,0.1631890856
6859,0.1667185901
6860,0.1607021031
6861,0.1526859895
6862,0.1550430156
6863,0.1473854972
6864,0.1667185901
6865,0.1550430156
6866,0.137192184
6867,0.1610888447
6868,0.1631890856
6869,0.1667185901
6870,0.1513410848
6871,0.1547674243
6897,0.137192184
6898,0.1610888447
6899,0.1631890856
6900,0.1667185901
6901,0.1513410848
6902,0.1547674243
6903,0.13074188
6904,0.1316307128
6905,0.137192184
6906,0.1633900853
6907,0.1631890856
6908,0.1667185901
6909,0.1513410848
6910,0.1547674243
6940,0.13074188
6941,0.1316307128
6942,0.137192184
6943,0.1633900853
6944,0.1631890856
6945,0.1667185901
6946,0.1607021031
6947,0.1513410848
6948,0.134088922
6949,0.1411676347
6950,0.1479882231
6951,0.1519681088
6952,0.1531180831
6953,0.1346751354
6954,0.1348143069
6955,0.1352291953
6956,0.1411676347
6957,0.1348143069
6958,0.1416782258
6959,0.134088922
6960,0.1467105182
6961,0.1482278874
6962,0.1531180831
6963,0.1346751354
6964,0.1370310248
6965,0.133080812
6992,0.1416782258
6993,0.134088922
6994,0.1467105182
6995,0.1482278874
6996,0.1531180831
6997,0.1346751354
6998,0.1370310248
6999,0.133080812
7000,0.1354025164
7001,0.1367856211
7002,0.1467105182
7003,0.1519681088
7004,0.1531180831
7005,0.1346751354
7006,0.1370310248
7007,0.133080812
7039,0.1354025164
7040,0.1367856211
7041,0.1467105182
7042,0.1519681088
7043,0.1531180831
7044,0.1346751354
7045,0.1305209649
7046,0.1370310248
7047,0.1127396842
7048,0.1262331624
7049,0.1314405212
7050,0.1341725783
7051,0.1384704798
7052,0.123328304
7053,0.1216082467
7054,0.1241624485
7055,0.1262331624
7056,0.1216082467
7057,0.1127658113
7058,0.1127396842
7059,0.1278616738
7060,0.1350040921
7061,0.1384704798
7062,0.123328304
7063,0.1232626273
7064,0.1248577498
7091,0.1127658113
7092,0.1127396842
7093,0.1278616738
7094,0.1350040921
7095,0.1384704798
7096,0.123328304
7097,0.1232626273
7098,0.1248577498
7099,0.110264883
7100,0.1195563778
7101,0.1278616738
7102,0.1341725783
7103,0.1384704798
7104,0.123328304
7105,0.1232626273
7106,0.1248577498
7138,0.110264883
7139,0.1195563778
7140,0.1278616738
7141,0.1341725783
7142,0.1384704798
7143,0.123328304
7144,0.1201720724
7145,0.1232626273
7146,0.1216388432
7147,0.1248100391
7148,0.1289958323
7149,0.1334405583
7150,0.137192184
7151,0.1379979166
7152,0.1460345113
7153,0.1504493792
7154,0.1248100391
7155,0.1460345113
7156,0.1208698308
7157,0.1216388432
7158,0.1264541542
7159,0.1316307128
7160,0.137192184
7161,0.1379979166
7162,0.1504493792
7163,0.1547726266
7190,0.1208698308
7191,0.1216388432
7192,0.1264541542
7193,0.1316307128
7194,0.137192184
7195,0.1379979166
7196,0.1504493792
7197,0.1547726266
7198,0.1208698308
7199,0.1232052099
7200,0.1264541542
7201,0.1334405583
7202,0.137192184
7203,0.1379979166
7204,0.1504493792
7205,0.1547726266
7237,0.1208698308
7238,0.1232052099
7239,0.1264541542
7240,0.1334405583
7241,0.137192184
7242,0.1379979166
7243,0.1409539903
7244,0.1504493792
7245,0.1400203381
7246,0.1440757268
7247,0.1752436116
7248,0.1672024387
7249,0.1500547336
7250,0.137564973
7251,0.1340724185
7252,0.1311044976
7253,0.0993124302
7254,0.1440757268
7255,0.1311044976
7256,0.1439446845
7257,0.1400203381
7258,0.1604434439
7259,0.1737690604
7260,0.1500547336
7261,0.137564973
7262,0.1108535627
7263,0.1001041682
7291,0.1439446845
7292,0.1400203381
7293,0.1604434439
7294,0.1737690604
7295,0.1500547336
7296,0.137564973
7297,0.1108535627
7298,0.1001041682
7299,0.1410756436
7300,0.1409539903
7301,0.1604434439
7302,0.1672024387
7303,0.1500547336
7304,0.137564973
7305,0.1108535627
7306,0.1001041682
7338,0.1410756436
7339,0.1409539903
7340,0.1604434439
7341,0.1672024387
7342,0.1500547336
7343,0.137564973
7344,0.1340724185
7345,0.1108535627
7346,0.0996298785
7347,0.0998434044
7348,0.0953550236
7349,0.0990617446
7350,0.1035505843
7351,0.1085041915
7352,0.1039846564
7353,0.1026390411
7354,0.1021855669
7355,0.0951242129
7356,0.0924001695
7357,0.0998434044
7358,0.1085041915
7359,0.1021855669
7360,0.0937862669
7361,0.0996298785
7362,0.0976762779
7363,0.0964214381
7364,0.1085041915
7365,0.1039846564
7366,0.0995374238
7367,0.0924001695
7398,0.0937862669
7399,0.0996298785
7400,0.0976762779
7401,0.0964214381
7402,0.1085041915
7403,0.1039846564
7404,0.0995374238
7405,0.0924001695
7406,0.0960264066
7407,0.1013764481
7408,0.0976762779
7409,0.0990617446
7410,0.1085041915
7411,0.1039846564
7412,0.0995374238
7413,0.0924001695
7445,0.0960264066
7446,0.1013764481
7447,0.0976762779
7448,0.0990617446
7449,0.1085041915
7450,0.1039846564
7451,0.1026390411
7452,0.0995374238
7453,0.0814122095
7454,0.0910897791
7455,0.094378112
7456,0.0939810457
7457,0.0923338394
7458,0.0937041898
7459,0.0903983835
7460,0.0885041554
7461,0.0902321526
7462,0.0862497411
7463,0.0915493218
7464,0.0907429863
7465,0.0800394674
7466,0.0814122095
7467,0.094378112
7468,0.0915493218
7469,0.0937041898
7470,0.0903983835
7496,0.0800394674
7497,0.0814122095
7498,0.094378112
7499,0.0915493218
7500,0.0937041898
7501,0.0903983835
7502,0.0798439743
7503,0.0862497411
7504,0.094378112
7505,0.0923338394
7506,0.0937041898
7507,0.0903983835
7508,0.088990272
7509,0.0907429863
7539,0.0798439743
7540,0.0862497411
7541,0.094378112
7542,0.0923338394
7543,0.0937041898
7544,0.0903983835
7545,0.0890350007
7546,0.088990272
7547,0.0862392083
7548,0.1019045262
7549,0.104296967
7550,0.1011863684
7551,0.1057670273
7552,0.1065510191
7553,0.0992920854
7554,0.0902399435
7555,0.0927952133
7556,0.104296967
7557,0.0992920854
7558,0.0927952133
7559,0.1130249817
7560,0.0952873851
7561,0.1065510191
7562,0.0992920854
7563,0.0911554608
7564,0.0899164095
7589,0.1130249817
7590,0.0952873851
7591,0.1065510191
7592,0.0992920854
7593,0.0911554608
7594,0.0899164095
7595,0.084141524
7596,0.0930412242
7597,0.1130249817
7598,0.1011863684
7599,0.1065510191
7600,0.0992920854
7601,0.0911554608
7602,0.0899164095
7632,0.084141524
7633,0.0930412242
7634,0.1130249817
7635,0.1011863684
7636,0.1065510191
7637,0.0992920854
7638,0.0915081911
7639,0.0911554608
7640,0.0886401189
7641,0.0866084879
7642,0.0840571688
7643,0.0849712214
7644,0.0851460177
7645,0.0845478891
7646,0.0879928766
7647,0.0870775887
7648,0.0860161296
7649,0.0863368159
7650,0.0866607463
7651,0.0866084879
7652,0.0879928766
7653,0.0860161296
7654,0.0863368159
7655,0.0876598444
7656,0.0886401189
7657,0.0868669433
7658,0.0826223511
7659,0.0845478891
7660,0.0879928766
7661,0.0857701052
7662,0.0866607463
7692,0.0876598444
7693,0.0886401189
7694,0.0868669433
7695,0.0826223511
7696,0.0845478891
7697,0.0879928766
7698,0.0857701052
7699,0.0866607463
7700,0.0892237946
7701,0.0875336915
7702,0.0868669433
7703,0.0849712214
7704,0.0845478891
7705,0.0879928766
7706,0.0857701052
7707,0.0866607463
7739,0.0892237946
7740,0.0875336915
7741,0.0868669433
7742,0.0849712214
7743,0.0845478891
7744,0.0879928766
7745,0.0870775887
7746,0.0857701052
7747,0.084901581
7748,0.090200803
7749,0.096049268
7750,0.0956034957
7751,0.0975965599
7752,0.091333327
7753,0.0869090238
7754,0.0794676968
7755,0.090200803
7756,0.0869090238
7757,0.0848950228
7758,0.084901581
7759,0.0956832583
7760,0.0944541366
7761,0.0975965599
7762,0.091333327
7763,0.0827601393
7764,0.0782062895
7791,0.0848950228
7792,0.084901581
7793,0.0956832583
7794,0.0944541366
7795,0.0975965599
7796,0.091333327
7797,0.0827601393
7798,0.0782062895
7799,0.0846495394
7800,0.0870136744
7801,0.0956832583
7802,0.0956034957
7803,0.0975965599
7804,0.091333327
7805,0.0827601393
7806,0.0782062895
7838,0.0846495394
7839,0.0870136744
7840,0.0956832583
7841,0.0956034957
7842,0.0975965599
7843,0.091333327
7844,0.0906300285
7845,0.0827601393
7846,0.0833618297
7847,0.0877694423
7848,0.0970389921
7849,0.1030889369
7850,0.1060968947
7851,0.101913672
7852,0.0956824572
7853,0.0935637169
7854,0.0877694423
7855,0.0956824572
7856,0.0828045689
7857,0.0833618297
7858,0.0930334521
7859,0.0994973257
7860,0.1060968947
7861,0.101913672
7862,0.0945255878
7863,0.092925432
7890,0.0828045689
7891,0.0833618297
7892,0.0930334521
7893,0.0994973257
7894,0.1060968947
7895,0.101913672
7896,0.0945255878
7897,0.092925432
7898,0.0828045689
7899,0.0846256303
7900,0.0930334521
7901,0.1030889369
7902,0.1060968947
7903,0.101913672
7904,0.0945255878
7905,0.092925432
7937,0.0828045689
7938,0.0846256303
7939,0.0930334521
7940,0.1030889369
7941,0.1060968947
7942,0.101913672
7943,0.0973957676
7944,0.0945255878
7945,0.0792542049
7946,0.0903603257
7947,0.1005962663
7948,0.1050153149
7949,0.1016493556
7950,0.0991045467
7951,0.0968709505
7952,0.0952667843
7953,0.0933015464
7954,0.0903603257
7955,0.0952667843
7956,0.0784140492
7957,0.0792542049
7958,0.0961979874
7959,0.104483217
7960,0.1016493556
7961,0.0991045467
7962,0.0944595212
7963,0.0921375981
7991,0.0784140492
7992,0.0792542049
7993,0.0961979874
7994,0.104483217
7995,0.1016493556
7996,0.0991045467
7997,0.0944595212
7998,0.0921375981
7999,0.0782340757
8000,0.0844797008
8001,0.0961979874
8002,0.1050153149
8003,0.1016493556
8004,0.0991045467
8005,0.0944595212
8006,0.0921375981
8038,0.0782340757
8039,0.0844797008
8040,0.0961979874
8041,0.1050153149
8042,0.1016493556
8043,0.0991045467
8044,0.0968709505
8045,0.0944595212
8046,0.0843844234
8047,0.087808118
8048,0.109042222
8049,0.1284379844
8050,0.1199813472
8051,0.1180008008
8052,0.1098985875
8053,0.1093094223
8054,0.1122139053
8055,0.1075411298
8056,0.087808118
8057,0.1180008008
8058,0.1122139053
8059,0.084005834
8060,0.0843844234
8061,0.094947297
8062,0.1242317537
8063,0.1180008008
8064,0.1098985875
8065,0.109198006
8066,0.1064335838
8096,0.084005834
8097,0.0843844234
8098,0.094947297
8099,0.1242317537
8100,0.1180008008
8101,0.1098985875
8102,0.109198006
8103,0.1064335838
8104,0.0845776444
8105,0.0854148264
8106,0.094947297
8107,0.1284379844
8108,0.1180008008
8109,0.1098985875
8110,0.109198006
8111,0.1064335838
8143,0.0845776444
8144,0.0854148264
8145,0.094947297
8146,0.1284379844
8147,0.1180008008
8148,0.1098985875
8149,0.1093094223
8150,0.109198006
8151,0.0822781118
8152,0.0839978547
8153,0.0934614028
8154,0.11868613
8155,0.1196807116
8156,0.1123646732
8157,0.1039442277
8158,0.0967510132
8159,0.0829890697
8160,0.1074969252
8161,0.0854365235
8162,0.087012942
8163,0.0822781118
8164,0.0873809049
8165,0.1074969252
8166,0.1196807116
8167,0.1123646732
8192,0.087012942
8193,0.0822781118
8194,0.0873809049
8195,0.1074969252
8196,0.1196807116
8197,0.1123646732
8198,0.0826558603
8199,0.0829890697
8200,0.0873809049
8201,0.11868613
8202,0.1196807116
8203,0.1123646732
8204,0.1007843368
8205,0.0854365235
8236,0.0826558603
8237,0.0829890697
8238,0.0873809049
8239,0.11868613
8240,0.1196807116
8241,0.1123646732
8242,0.1067758588
8243,0.1007843368
8244,0.0885264323
8245,0.0863181702
8246,0.0866511402
8247,0.0834271686
8248,0.0824570845
8249,0.084217198
8250,0.0884514213
8251,0.0926138838
8252,0.0958277721
8253,0.0999230373
8254,0.0866511402
8255,0.0884514213
8256,0.0999230373
8257,0.0868138569
8258,0.0852156329
8259,0.084217198
8260,0.0884514213
8261,0.0977941499
8262,0.0985572346
8288,0.0868138569
8289,0.0852156329
8290,0.084217198
8291,0.0884514213
8292,0.0977941499
8293,0.0985572346
8294,0.0870843585
8295,0.0879939436
8296,0.0868138569
8297,0.0834271686
8298,0.084217198
8299,0.0884514213
8300,0.0977941499
8301,0.0985572346
8331,0.0870843585
8332,0.0879939436
8333,0.0868138569
8334,0.0834271686
8335,0.084217198
8336,0.0884514213
8337,0.0926138838
8338,0.0977941499
8339,0.0984939881
8340,0.0926517122
8341,0.0868444951
8342,0.0884900428
8343,0.0886752235
8344,0.0899438763
8345,0.088755292
8346,0.0874138156
8347,0.0926517122
8348,0.088755292
8349,0.1064029332
8350,0.0984939881
8351,0.087823115
8352,0.0878148612
8353,0.0886752235
8354,0.0899438763
8355,0.0872282349
8356,0.0873607141
8383,0.1064029332
8384,0.0984939881
8385,0.087823115
8386,0.0878148612
8387,0.0886752235
8388,0.0899438763
8389,0.0872282349
8390,0.0873607141
8391,0.1014555512
8392,0.0975228974
8393,0.087823115
8394,0.0884900428
8395,0.0886752235
8396,0.0899438763
8397,0.0872282349
8398,0.0873607141
8430,0.1014555512
8431,0.0975228974
8432,0.087823115
8433,0.0884900428
8434,0.0886752235
8435,0.0899438763
8436,0.0903634603
8437,0.0872282349
8438,0.0899233749
8439,0.0903084972
8440,0.0871160561
8441,0.082206872
8442,0.0858601266
8443,0.0868023382
8444,0.0854127437
8445,0.087386404
8446,0.0903084972
8447,0.0854127437
8448,0.0888970116
8449,0.0899233749
8450,0.0885387013
8451,0.0844331681
8452,0.0858601266
8453,0.0868023382
8454,0.0859503275
8455,0.0896335025
8481,0.0888970116
8482,0.0899233749
8483,0.0885387013
8484,0.0844331681
8485,0.0858601266
8486,0.0868023382
8487,0.0859503275
8488,0.0896335025
8489,0.0878578665
8490,0.0924680536
8491,0.0885387013
8492,0.082206872
8493,0.0858601266
8494,0.0868023382
8495,0.0859503275
8496,0.0896335025
8528,0.0878578665
8529,0.0924680536
8530,0.0885387013
8531,0.082206872
8532,0.0858601266
8533,0.0868023382
8534,0.0865202823
8535,0.0859503275
8536,0.0921836106
8537,0.0893902375
8538,0.087691366
8539,0.0787122263
8540,0.0784420096
8541,0.0766687395
8542,0.0755802613
8543,0.0777249556
8544,0.0893902375
8545,0.0755802613
8546,0.0929156459
8547,0.0921836106
8548,0.0896131255
8549,0.0828065824
8550,0.0784420096
8551,0.0766687395
8552,0.0758497986
8553,0.07936504
8580,0.0929156459
8581,0.0921836106
8582,0.0896131255
8583,0.0828065824
8584,0.0784420096
8585,0.0766687395
8586,0.0758497986
8587,0.07936504
8588,0.0914019564
8589,0.0907759296
8590,0.0896131255
8591,0.0787122263
8592,0.0784420096
8593,0.0766687395
8594,0.0758497986
8595,0.07936504
8627,0.0914019564
8628,0.0907759296
8629,0.0896131255
8630,0.0787122263
8631,0.0784420096
8632,0.0766687395
8633,0.0757282113
8634,0.0758497986
8635,0.0904241677
8636,0.0860605688
8637,0.087007545
8638,0.0867245145
8639,0.0871745759
8640,0.0876250316
8641,0.085970517
8642,0.0831289846
8643,0.082436864
8644,0.083592635
8645,0.0860605688
8646,0.082436864
8647,0.0879695079
8648,0.0904241677
8649,0.0879418255
8650,0.0868296331
8651,0.0876250316
8652,0.085970517
8653,0.0831368972
8654,0.0838352172
8683,0.0879695079
8684,0.0904241677
8685,0.0879418255
8686,0.0868296331
8687,0.0876250316
8688,0.085970517
8689,0.0831368972
8690,0.0838352172
8691,0.0923825776
8692,0.0860447798
8693,0.0879418255
8694,0.0867245145
8695,0.0876250316
8696,0.085970517
8697,0.0831368972
8698,0.0838352172
8730,0.0923825776
8731,0.0860447798
8732,0.0879418255
8733,0.0867245145
8734,0.0876250316
8735,0.085970517
8736,0.0831289846
8737,0.0831368972
8738,0.084707449
8739,0.0784654108
8740,0.0755049597
8741,0.0747729631
8742,0.0745866921
8743,0.0751120415
8744,0.0756343953
8745,0.0756175995
8746,0.0759876179
8747,0.0758109534
8748,0.0760420052
8749,0.0784654108
8750,0.0756343953
8751,0.0758109534
8752,0.0811799103
8753,0.084707449
8754,0.0755049597
8755,0.0745866921
8756,0.0756343953
8757,0.0756175995
8758,0.0757811367
8759,0.0757279192
8790,0.0811799103
8791,0.084707449
8792,0.0755049597
8793,0.0745866921
8794,0.0756343953
8795,0.0756175995
8796,0.0757811367
8797,0.0757279192
8798,0.082544228
8799,0.0837871032
8800,0.0755049597
8801,0.0745866921
8802,0.0756343953
8803,0.0756175995
8804,0.0757811367
8805,0.0757279192
8837,0.082544228
8838,0.0837871032
8839,0.0755049597
8840,0.0745866921
8841,0.0756343953
8842,0.0756175995
8843,0.0759876179
8844,0.0757811367
8845,0.0765212964
8846,0.0920241449
8847,0.1006146373
8848,0.0989964733
8849,0.0942141911
8850,0.0888858114
8851,0.0880548726
8852,0.0859647039
8853,0.0838015365
8854,0.1044233566
8855,0.0871862939
8856,0.0755886178
8857,0.0765212964
8858,0.095711491
8859,0.1044233566
8860,0.0942141911
8861,0.0888858114
8886,0.0755886178
8887,0.0765212964
8888,0.095711491
8889,0.1044233566
8890,0.0942141911
8891,0.0888858114
8892,0.0753551223
8893,0.0838015365
8894,0.095711491
8895,0.0989964733
8896,0.0942141911
8897,0.0888858114
8898,0.0863767738
8899,0.0871862939
8930,0.0753551223
8931,0.0838015365
8932,0.095711491
8933,0.0989964733
8934,0.0942141911
8935,0.0888858114
8936,0.0888472051
8937,0.0863767738
8938,0.1009398751
8939,0.103008294
8940,0.10546156
8941,0.1052426359
8942,0.1052426359
8943,0.1046869037
8944,0.1003295077
8945,0.095407663
8946,0.0904253413
8947,0.0851422496
8948,0.10546156
8949,0.1003295077
8950,0.0851422496
8951,0.1037423946
8952,0.1061528324
8953,0.1046869037
8954,0.1003295077
8955,0.0876862009
8956,0.0838346022
8982,0.1037423946
8983,0.1061528324
8984,0.1046869037
8985,0.1003295077
8986,0.0876862009
8987,0.0838346022
8988,0.095729906
8989,0.100650574
8990,0.1037423946
8991,0.1052426359
8992,0.1046869037
8993,0.1003295077
8994,0.0876862009
8995,0.0838346022
9025,0.095729906
9026,0.100650574
9027,0.1037423946
9028,0.1052426359
9029,0.1046869037
9030,0.1003295077
9031,0.095407663
9032,0.0876862009
9033,0.0840005064
9034,0.0866422816
9035,0.093803723
9036,0.0983059737
9037,0.1013102609
9038,0.1036611011
9039,0.102333624
9040,0.0968743171
9041,0.0926533592
9042,0.0866422816
9043,0.0968743171
9044,0.0821072188
9045,0.0840005064
9046,0.0914306103
9047,0.0934130486
9048,0.1036611011
9049,0.102333624
9050,0.0948224469
9051,0.090922659
9079,0.0821072188
9080,0.0840005064
9081,0.0914306103
9082,0.0934130486
9083,0.1036611011
9084,0.102333624
9085,0.0948224469
9086,0.090922659
9087,0.0832122969
9088,0.0847691269
9089,0.0914306103
9090,0.0983059737
9091,0.1036611011
9092,0.102333624
9093,0.0948224469
9094,0.090922659
9126,0.0832122969
9127,0.0847691269
9128,0.0914306103
9129,0.0983059737
9130,0.1036611011
9131,0.102333624
9132,0.099471274
9133,0.0948224469
9134,0.089677345
9135,0.088588045
9136,0.090186116
9137,0.106919886
9138,0.1142952513
9139,0.1107843147
9140,0.0933793819
9141,0.0906128823
9142,0.088588045
9143,0.0933793819
9144,0.0888970547
9145,0.089677345
9146,0.0880324242
9147,0.0962528151
9148,0.1142952513
9149,0.1107843147
9150,0.0907289085
9151,0.0897572952
9178,0.0888970547
9179,0.089677345
9180,0.0880324242
9181,0.0962528151
9182,0.1142952513
9183,0.1107843147
9184,0.0907289085
9185,0.0897572952
9186,0.0903849636
9187,0.0895298355
9188,0.0880324242
9189,0.106919886
9190,0.1142952513
9191,0.1107843147
9192,0.0907289085
9193,0.0897572952
9225,0.0903849636
9226,0.0895298355
9227,0.0880324242
9228,0.106919886
9229,0.1142952513
9230,0.1107843147
9231,0.1030791427
9232,0.0907289085
9233,0.0967510132
9234,0.1049496575
9235,0.1015025028
9236,0.0995656921
9237,0.1003640327
9238,0.1053945769
9239,0.1087007659
9240,0.0967510132
9241,0.1053945769
9242,0.0918109889
9243,0.092144974
9244,0.1006134102
9245,0.1053617589
9246,0.0995656921
9247,0.1003640327
9248,0.1086802699
9249,0.106995279
9276,0.0918109889
9277,0.092144974
9278,0.1006134102
9279,0.1053617589
9280,0.0995656921
9281,0.1003640327
9282,0.1086802699
9283,0.106995279
9284,0.0920772952
9285,0.0941288915
9286,0.1006134102
9287,0.1015025028
9288,0.0995656921
9289,0.1003640327
9290,0.1086802699
9291,0.106995279
9323,0.0920772952
9324,0.0941288915
9325,0.1006134102
9326,0.1015025028
9327,0.0995656921
9328,0.1003640327
9329,0.1022907705
9330,0.1086802699
9331,0.1009444693
9332,0.1089690725
9333,0.1180320975
9334,0.127357466
9335,0.1264207129
9336,0.1256777748
9337,0.1141644728
9338,0.1040123797
9339,0.1018072708
9340,0.0920236775
9341,0.1089690725
9342,0.1018072708
9343,0.1016662475
9344,0.1009444693
9345,0.1134249832
9346,0.12242982
9347,0.1256777748
9348,0.1141644728
9349,0.0984363263
9350,0.0865854039
9379,0.1016662475
9380,0.1009444693
9381,0.1134249832
9382,0.12242982
9383,0.1256777748
9384,0.1141644728
9385,0.0984363263
9386,0.0865854039
9387,0.1009011961
9388,0.1054673141
9389,0.1134249832
9390,0.127357466
9391,0.1256777748
9392,0.1141644728
9393,0.0984363263
9394,0.0865854039
9426,0.1009011961
9427,0.1054673141
9428,0.1134249832
9429,0.127357466
9430,0.1256777748
9431,0.1141644728
9432,0.1040123797
9433,0.0984363263
9434,0.0954911976
9435,0.0916407435
9436,0.1001010391
9437,0.1020877766
9438,0.0996743566
9439,0.0991184831
9440,0.0973900425
9441,0.0959211
9442,0.0933562126
9443,0.0865769934
9444,0.0916407435
9445,0.0991184831
9446,0.0933562126
9447,0.0944959426
9448,0.0954911976
9449,0.0947898038
9450,0.1035185863
9451,0.0991184831
9452,0.0973900425
9453,0.0905934872
9454,0.0830903001
9484,0.0944959426
9485,0.0954911976
9486,0.0947898038
9487,0.1035185863
9488,0.0991184831
9489,0.0973900425
9490,0.0905934872
9491,0.0830903001
9492,0.0954101794
9493,0.0928277753
9494,0.0947898038
9495,0.1020877766
9496,0.0991184831
9497,0.0973900425
9498,0.0905934872
9499,0.0830903001
9531,0.0954101794
9532,0.0928277753
9533,0.0947898038
9534,0.1020877766
9535,0.0991184831
9536,0.0973900425
9537,0.0959211
9538,0.0905934872
9539,0.0844365073
9540,0.1021330872
9541,0.1131657816
9542,0.1142299335
9543,0.1197710966
9544,0.1088086761
9545,0.091863918
9546,0.0949725968
9547,0.0914700314
9548,0.1127294184
9549,0.0923825279
9550,0.0803043569
9551,0.0844365073
9552,0.1114244225
9553,0.1127294184
9554,0.1197710966
9555,0.1088086761
9580,0.0803043569
9581,0.0844365073
9582,0.1114244225
9583,0.1127294184
9584,0.1197710966
9585,0.1088086761
9586,0.0805714141
9587,0.0914700314
9588,0.1114244225
9589,0.1142299335
9590,0.1197710966
9591,0.1088086761
9592,0.0925780963
9593,0.0923825279
9624,0.0805714141
9625,0.0914700314
9626,0.1114244225
9627,0.1142299335
9628,0.1197710966
9629,0.1088086761
9630,0.0992537859
9631,0.0925780963
9632,0.089940327
9633,0.0921090488
9634,0.0988658561
9635,0.1078371262
9636,0.1104208459
9637,0.1150002792
9638,0.1138339155
9639,0.1112645917
9640,0.1055084729
9641,0.0954343661
9642,0.0988658561
9643,0.1138339155
9644,0.0954343661
9645,0.0934893975
9646,0.1055011582
9647,0.1150002792
9648,0.1138339155
9649,0.0995317198
9650,0.0931574922
9676,0.0934893975
9677,0.1055011582
9678,0.1150002792
9679,0.1138339155
9680,0.0995317198
9681,0.0931574922
9682,0.0897960167
9683,0.0909715202
9684,0.0934893975
9685,0.1078371262
9686,0.1150002792
9687,0.1138339155
9688,0.0995317198
9689,0.0931574922
9719,0.0897960167
9720,0.0909715202
9721,0.0934893975
9722,0.1078371262
9723,0.1150002792
9724,0.1138339155
9725,0.1112645917
9726,0.0995317198
9727,0.0934788632
9728,0.0999538869
9729,0.1099791799
9730,0.1176972014
9731,0.1166398674
9732,0.1097243583
9733,0.1037881105
9734,0.101059942
9735,0.0999538869
9736,0.1037881105
9737,0.0908073162
9738,0.0934788632
9739,0.1053265945
9740,0.1150073062
9741,0.1166398674
9742,0.1097243583
9743,0.101373653
9744,0.1021416494
9770,0.0908073162
9771,0.0934788632
9772,0.1053265945
9773,0.1150073062
9774,0.1166398674
9775,0.1097243583
9776,0.101373653
9777,0.1021416494
9778,0.0917266752
9779,0.0962887207
9780,0.1053265945
9781,0.1176972014
9782,0.1166398674
9783,0.1097243583
9784,0.101373653
9785,0.1021416494
9817,0.0942163016
9818,0.109796401
9819,0.1185866468
9820,0.1262801425
9821,0.122255674
9822,0.1149741205
9823,0.095454191
9824,0.0880765896
9825,0.109796401
9826,0.095454191
9827,0.0946859265
9828,0.0942163016
9829,0.1178113703
9830,0.1231263491
9831,0.122255674
9832,0.1149741205
9833,0.0918140608
9834,0.0852001471
9861,0.0946859265
9862,0.0942163016
9863,0.1178113703
9864,0.1231263491
9865,0.122255674
9866,0.1149741205
9867,0.0918140608
9868,0.0852001471
9869,0.0932729364
9870,0.0998520373
9871,0.1178113703
9872,0.1262801425
9873,0.122255674
9874,0.1149741205
9875,0.0918140608
9876,0.0852001471
9908,0.1178113703
9909,0.122255674
9910,0.1149741205
9911,0.1043475819
9912,0.0918140608
9913,0.0856363846
9914,0.1007675588
9915,0.1151617353
9916,0.1136333344
9917,0.118017427
9918,0.1127821776
9919,0.1115355342
9920,0.1050014764
9921,0.1007675588
9922,0.1115355342
9923,0.0798429297
9924,0.0856363846
9925,0.1145480606
9926,0.1110887515
9927,0.118017427
9928,0.1127821776
9929,0.1073215678
9930,0.1045643348
9957,0.0798429297
9958,0.0856363846
9959,0.1145480606
9960,0.1110887515
9961,0.118017427
9962,0.1127821776
9963,0.1073215678
9964,0.1045643348
9965,0.0801976137
9966,0.0936479733
9967,0.1145480606
9968,0.1136333344
9969,0.118017427
9970,0.1127821776
9971,0.1073215678
9972,0.1045643348
10004,0.0801976137
10005,0.0936479733
10006,0.1145480606
10007,0.1136333344
10008,0.118017427
10009,0.1127821776
10010,0.1123850357
10011,0.1073215678
10012,0.1093094223
10013,0.1108693246
10014,0.1218543363
10015,0.1264511325
10016,0.1271412658
10017,0.1256436639
10018,0.1145638865
10019,0.1113143489
10020,0.1105871087
10021,0.1093353464
10022,0.1108693246
10023,0.1105871087
10024,0.1099100379
10025,0.1093094223
10026,0.1159943939
10027,0.1265047082
10028,0.1256436639
10029,0.1145638865
10030,0.1099572966
10031,0.1125245404
10060,0.1099100379
10061,0.1093094223
10062,0.1159943939
10063,0.1265047082
10064,0.1256436639
10065,0.1145638865
10066,0.1099572966
10067,0.1125245404
10068,0.1104628624
10069,0.1081056989
10070,0.1159943939
10071,0.1264511325
10072,0.1256436639
10073,0.1145638865
10074,0.1099572966
10075,0.1125245404
10107,0.1104628624
10108,0.1081056989
10109,0.1159943939
10110,0.1264511325
10111,0.1256436639
10112,0.1145638865
10113,0.1113143489
10114,0.1099572966
10115,0.1019989387
10116,0.1121903263
10117,0.1157358707
10118,0.1086339109
10119,0.112980441
10120,0.1151696189
10121,0.1097704508
10122,0.1019765415
10123,0.095168763
10124,0.0972110733
10125,0.1121903263
10126,0.1151696189
10127,0.095168763
10128,0.0996642984
10129,0.1019989387
10130,0.1133014322
10131,0.1110782294
10132,0.1151696189
10133,0.1097704508
10134,0.0942284307
10135,0.1003376882
10164,0.0996642984
10165,0.1019989387
10166,0.1133014322
10167,0.1110782294
10168,0.1151696189
10169,0.1097704508
10170,0.0942284307
10171,0.1003376882
10172,0.0997713609
10173,0.1082908983
10174,0.1133014322
10175,0.1086339109
10176,0.1151696189
10177,0.1097704508
10178,0.0942284307
10179,0.1003376882
10210,0.0997713609
10211,0.1082908983
10212,0.1133014322
10213,0.1086339109
10214,0.1151696189
10215,0.1097704508
10216,0.1019765415
10217,0.0942284307
10218,0.0879523152
10219,0.1101192424
10220,0.1166698836
10221,0.1318861229
10222,0.1329317421
10223,0.1307263862
10224,0.1316102034
10225,0.1126637558
10226,0.1041815309
10227,0.1033561123
10228,0.1230104493
10229,0.0935729847
10230,0.0862249087
10231,0.0879523152
10232,0.1106045893
10233,0.1230104493
10234,0.1307263862
10235,0.1316102034
10261,0.0862249087
10262,0.0879523152
10263,0.1106045893
10264,0.1230104493
10265,0.1307263862
10266,0.1316102034
10267,0.0853884259
10268,0.1033561123
10269,0.1106045893
10270,0.1318861229
10271,0.1307263862
10272,0.1316102034
10273,0.1143697976
10274,0.0935729847
10305,0.0853884259
10306,0.1033561123
10307,0.1106045893
10308,0.1318861229
10309,0.1307263862
10310,0.1316102034
10311,0.1196807116
10312,0.1143697976
10313,0.0982455656
10314,0.1349939831
10315,0.141350292
10316,0.172170146
10317,0.1757870092
10318,0.1753238919
10319,0.1430653842
10320,0.132858971
10321,0.1313357196
10322,0.1247984897
10323,0.1113995975
10324,0.141350292
10325,0.1430653842
10326,0.1247984897
10327,0.1341983495
10328,0.1614210538
10329,0.1753238919
10330,0.1430653842
10331,0.1380222091
10332,0.1113995975
10359,0.1341983495
10360,0.1614210538
10361,0.1753238919
10362,0.1430653842
10363,0.1380222091
10364,0.1113995975
10365,0.0846946825
10366,0.1280909204
10367,0.1341983495
10368,0.172170146
10369,0.1753238919
10370,0.1430653842
10371,0.1380222091
10372,0.1113995975
10402,0.0846946825
10403,0.1280909204
10404,0.1341983495
10405,0.172170146
10406,0.1753238919
10407,0.1430653842
10408,0.132858971
10409,0.1380222091
10410,0.1136067245
10411,0.1591966225
10412,0.1786935325
10413,0.2462214984
10414,0.268394587
10415,0.2477375913
10416,0.2441183338
10417,0.1968021293
10418,0.1641471119
10419,0.1591966225
10420,0.1968021293
10421,0.1040022733
10422,0.1136067245
10423,0.1608075016
10424,0.20978728
10425,0.2477375913
10426,0.2441183338
10427,0.1752467832
10428,0.1698669531
10456,0.1040022733
10457,0.1136067245
10458,0.1608075016
10459,0.20978728
10460,0.2477375913
10461,0.2441183338
10462,0.1752467832
10463,0.1698669531
10464,0.1015098222
10465,0.1449039755
10466,0.1608075016
10467,0.2462214984
10468,0.2477375913
10469,0.2441183338
10470,0.1752467832
10471,0.1698669531
10503,0.1015098222
10504,0.1449039755
10505,0.1608075016
10506,0.2462214984
10507,0.2477375913
10508,0.2441183338
10509,0.2096533192
10510,0.1752467832
10511,0.1247143164
10512,0.1281471968
10513,0.1572792511
10514,0.1642690642
10515,0.1736896463
10516,0.1410286346
10517,0.1286201439
10518,0.1177273167
10519,0.1281471968
10520,0.1286201439
10521,0.12801247
10522,0.1247143164
10523,0.1384863822
10524,0.1671503594
10525,0.1736896463
10526,0.1410286346
10527,0.1250256402
10528,0.1114703234
10555,0.12801247
10556,0.1247143164
10557,0.1384863822
10558,0.1671503594
10559,0.1736896463
10560,0.1410286346
10561,0.1250256402
10562,0.1114703234
10563,0.1271962439
10564,0.1239989373
10565,0.1384863822
10566,0.1642690642
10567,0.1736896463
10568,0.1410286346
10569,0.1250256402
10570,0.1114703234
10602,0.1271962439
10603,0.1239989373
10604,0.1384863822
10605,0.1642690642
10606,0.1736896463
10607,0.1410286346
10608,0.1325015778
10609,0.1250256402
10610,0.1247143164
10611,0.1281471968
10612,0.1572792511
10613,0.1642690642
10614,0.1736896463
10615,0.1410286346
10616,0.1286201439
10617,0.1177273167
10618,0.1281471968
10619,0.1286201439
10620,0.12801247
10621,0.1247143164
10622,0.1384863822
10623,0.1671503594
10624,0.1736896463
10625,0.1410286346
10626,0.1250256402
10627,0.1114703234
10654,0.12801247
10655,0.1247143164
10656,0.1384863822
10657,0.1671503594
10658,0.1736896463
10659,0.1410286346
10660,0.1250256402
10661,0.1114703234
10662,0.1271962439
10663,0.1239989373
10664,0.1384863822
10665,0.1642690642
10666,0.1736896463
10667,0.1410286346
10668,0.1250256402
10669,0.1114703234
10701,0.1271962439
10702,0.1239989373
10703,0.1384863822
10704,0.1642690642
10705,0.1736896463
10706,0.1410286346
10707,0.1325015778
10708,0.1250256402
10709,0.1111620588
10710,0.1441844677
10711,0.1472600263
10712,0.1545453721
10713,0.1628209785
10714,0.1665717177
10715,0.1552265208
10716,0.1463280541
10717,0.1268165777
10718,0.1100441944
10719,0.1441844677
10720,0.1268165777
10721,0.0989181772
10722,0.1111620588
10723,0.1598542509
10724,0.1500815374
10725,0.1665717177
10726,0.1552265208
10727,0.1161086903
10728,0.1050158239
10757,0.0989181772
10758,0.1111620588
10759,0.1598542509
10760,0.1500815374
10761,0.1665717177
10762,0.1552265208
10763,0.1161086903
10764,0.1050158239
10765,0.1007139903
10766,0.1201783192
10767,0.1598542509
10768,0.1545453721
10769,0.1665717177
10770,0.1552265208
10771,0.1161086903
10772,0.1050158239
10803,0.1007139903
10804,0.1201783192
10805,0.1598542509
10806,0.1545453721
10807,0.1665717177
10808,0.1552265208
10809,0.1463280541
10810,0.1161086903
10811,0.1215135929
10812,0.1441820435
10813,0.1380857976
10814,0.1426866543
10815,0.1457072893
10816,0.1526160998
10817,0.1647740549
10818,0.171661098
10819,0.174507185
10820,0.170076113
10821,0.1500627293
10822,0.1363218942
10823,0.1345233247
10824,0.1441820435
10825,0.171661098
10826,0.1363218942
10827,0.0986840825
10828,0.1215135929
10829,0.1380857976
10830,0.1457072893
10831,0.171661098
10832,0.170076113
10833,0.1359389276
10834,0.1197948345
10867,0.0986840825
10868,0.1215135929
10869,0.1380857976
10870,0.1457072893
10871,0.171661098
10872,0.170076113
10873,0.1359389276
10874,0.1197948345
10875,0.1020812347
10876,0.1477343347
10877,0.1380857976
10878,0.1526160998
10879,0.171661098
10880,0.170076113
10881,0.1359389276
10882,0.1197948345
10914,0.1020812347
10915,0.1477343347
10916,0.1380857976
10917,0.1526160998
10918,0.171661098
10919,0.170076113
10920,0.1500627293
10921,0.1359389276
10922,0.1212176578
10923,0.1439713427
10924,0.1891747248
10925,0.2007827549
10926,0.1936262965
10927,0.1880959123
10928,0.181006746
10929,0.1434696122
10930,0.1141302121
10931,0.1185043723
10932,0.1314283733
10933,0.2007827549
10934,0.1084375922
10935,0.1074490549
10936,0.1212176578
10937,0.1688758737
10938,0.2007827549
10939,0.181006746
10940,0.1434696122
10967,0.1074490549
10968,0.1212176578
10969,0.1688758737
10970,0.2007827549
10971,0.181006746
10972,0.1434696122
10973,0.1103177304
10974,0.1314283733
10975,0.1688758737
10976,0.1936262965
10977,0.181006746
10978,0.1434696122
10979,0.1192416936
10980,0.1084375922
11011,0.1103177304
11012,0.1314283733
11013,0.1688758737
11014,0.1936262965
11015,0.181006746
11016,0.1434696122
11017,0.1262727432
11018,0.1192416936
11019,0.1159751141
11020,0.1167054293
11021,0.1265750135
11022,0.1398093999
11023,0.1476965172
11024,0.154541255
11025,0.1661650616
11026,0.1728346555
11027,0.1580477538
11028,0.1310353624
11029,0.1221643916
11030,0.1133976361
11031,0.1169322101
11032,0.1265750135
11033,0.1580477538
11034,0.1133976361
11035,0.1195052667
11036,0.1398093999
11037,0.1661650616
11038,0.1580477538
11039,0.119512224
11040,0.1169322101
11069,0.1195052667
11070,0.1398093999
11071,0.1661650616
11072,0.1580477538
11073,0.119512224
11074,0.1169322101
11075,0.112636439
11076,0.1168951195
11077,0.1195052667
11078,0.1476965172
11079,0.1661650616
11080,0.1580477538
11081,0.119512224
11082,0.1169322101
11112,0.112636439
11113,0.1168951195
11114,0.1195052667
11115,0.1476965172
11116,0.1661650616
11117,0.1580477538
11118,0.1310353624
11119,0.119512224
11120,0.1120582844
11121,0.1507208455
11122,0.1518912732
11123,0.1588110279
11124,0.1657722848
11125,0.172243105
11126,0.1665585833
11127,0.1223656522
11128,0.1203268181
11129,0.1507208455
11130,0.1223656522
11131,0.0980452213
11132,0.1120582844
11133,0.1455405769
11134,0.158080168
11135,0.172243105
11136,0.1665585833
11137,0.1116127716
11138,0.1300731952
11166,0.0980452213
11167,0.1120582844
11168,0.1455405769
11169,0.158080168
11170,0.172243105
11171,0.1665585833
11172,0.1116127716
11173,0.1300731952
11174,0.1024396284
11175,0.1384226488
11176,0.1455405769
11177,0.1588110279
11178,0.172243105
11179,0.1665585833
11180,0.1116127716
11181,0.1300731952
11213,0.1024396284
11214,0.1384226488
11215,0.1455405769
11216,0.1588110279
11217,0.172243105
11218,0.1665585833
11219,0.1459844443
11220,0.1116127716
11221,0.1261305088
11222,0.1372851138
11223,0.1400001788
11224,0.1671523698
11225,0.1554262209
11226,0.1523302582
11227,0.1276579785
11228,0.1073215678
11229,0.1372851138
11230,0.1276579785
11231,0.1241445039
11232,0.1261305088
11233,0.137564973
11234,0.157029646
11235,0.1554262209
11236,0.1523302582
11237,0.1133623782
11238,0.109042222
11265,0.1241445039
11266,0.1261305088
11267,0.137564973
11268,0.157029646
11269,0.1554262209
11270,0.1523302582
11271,0.1133623782
11272,0.109042222
11273,0.1247594778
11274,0.1312830861
11275,0.137564973
11276,0.1671523698
11277,0.1554262209
11278,0.1523302582
11279,0.1133623782
11280,0.109042222
11312,0.1247594778
11313,0.1312830861
11314,0.137564973
11315,0.1671523698
11316,0.1554262209
11317,0.1523302582
11318,0.1416995939
11319,0.1133623782
11320,0.0983922752
11321,0.1219058355
11322,0.1496527535
11323,0.1703300406
11324,0.1987757793
11325,0.1591091918
11326,0.1616938702
11327,0.1695494916
11328,0.1541954729
11329,0.1219058355
11330,0.1695494916
11331,0.0947777094
11332,0.0983922752
11333,0.1465895706
11334,0.1485071141
11335,0.1987757793
11336,0.1591091918
11337,0.1668063243
11338,0.1448908988
11366,0.0947777094
11367,0.0983922752
11368,0.1465895706
11369,0.1485071141
11370,0.1987757793
11371,0.1591091918
11372,0.1668063243
11373,0.1448908988
11374,0.0947546819
11375,0.1075387515
11376,0.1465895706
11377,0.1703300406
11378,0.1987757793
11379,0.1591091918
11380,0.1668063243
11381,0.1448908988
11413,0.0947546819
11414,0.1075387515
11415,0.1465895706
11416,0.1703300406
11417,0.1987757793
11418,0.1591091918
11419,0.1616938702
11420,0.1668063243
11421,0.1258201954
11422,0.1256267043
11423,0.1128315183
11424,0.1064795406
11425,0.1104738964
11426,0.1134524487
11427,0.1146879255
11428,0.1134326694
11429,0.1087425924
11430,0.1054442141
11431,0.0997806329
11432,0.1256267043
11433,0.1054442141
11434,0.1438977384
11435,0.1258201954
11436,0.1195050314
11437,0.1081035012
11438,0.1134524487
11439,0.1134326694
11440,0.1025032157
11441,0.0970350846
11471,0.1438977384
11472,0.1258201954
11473,0.1195050314
11474,0.1081035012
11475,0.1134524487
11476,0.1134326694
11477,0.1025032157
11478,0.0970350846
11479,0.1361673567
11480,0.1234486892
11481,0.1195050314
11482,0.1064795406
11483,0.1134524487
11484,0.1134326694
11485,0.1025032157
11486,0.0970350846
11518,0.1361673567
11519,0.1234486892
11520,0.1195050314
11521,0.1064795406
11522,0.1134524487
11523,0.1134326694
11524,0.1087425924
11525,0.1025032157
11526,0.1067098713
11527,0.111326568
11528,0.1168900147
11529,0.122126771
11530,0.1213840524
11531,0.117525411
11532,0.1161186404
11533,0.1130314164
11534,0.1070969257
11535,0.1063126297
11536,0.1065841285
11537,0.1086253945
11538,0.111326568
11539,0.1161186404
11540,0.1065841285
11541,0.1071858027
11542,0.1067098713
11543,0.1127602421
11544,0.122126771
11545,0.1161186404
11546,0.1070969257
11547,0.1089910111
11548,0.1023973167
11580,0.1071858027
11581,0.1067098713
11582,0.1127602421
11583,0.122126771
11584,0.1161186404
11585,0.1070969257
11586,0.1089910111
11587,0.1023973167
11588,0.1071279968
11589,0.1083578116
11590,0.1127602421
11591,0.1213840524
11592,0.1161186404
11593,0.1070969257
11594,0.1089910111
11595,0.1023973167
11627,0.1071279968
11628,0.1083578116
11629,0.1127602421
11630,0.1213840524
11631,0.1161186404
11632,0.1070969257
11633,0.1063126297
11634,0.1089910111
11635,0.0935483563
11636,0.1021229372
11637,0.0962938907
11638,0.1019844373
11639,0.1076255491
11640,0.1097125914
11641,0.1235752843
11642,0.1054801431
11643,0.0970123851
11644,0.0977215276
11645,0.0974527
11646,0.0961900967
11647,0.0933641396
11648,0.0935483563
11649,0.0990841631
11650,0.0974527
11651,0.1097125914
11652,0.1235752843
11678,0.0933641396
11679,0.0935483563
11680,0.0990841631
11681,0.0974527
11682,0.1097125914
11683,0.1235752843
11684,0.0930334521
11685,0.0977215276
11686,0.0990841631
11687,0.1019844373
11688,0.1097125914
11689,0.1235752843
11690,0.0999352245
11691,0.0961900967
11722,0.0930334521
11723,0.0977215276
11724,0.0990841631
11725,0.1019844373
11726,0.1097125914
11727,0.1235752843
11728,0.1080532069
11729,0.0999352245
11730,0.094879171
11731,0.101739784
11732,0.1201322539
11733,0.1276076637
11734,0.1204209227
11735,0.1231331374
11736,0.1235831253
11737,0.1257944201
11738,0.1249949413
11739,0.1198785778
11740,0.1167129735
11741,0.116580045
11742,0.1201322539
11743,0.1249949413
11744,0.116580045
11745,0.1064213738
11746,0.1276076637
11747,0.1235831253
11748,0.1249949413
11749,0.1156615825
11750,0.1167129735
11778,0.1064213738
11779,0.1276076637
11780,0.1235831253
11781,0.1249949413
11782,0.1156615825
11783,0.1167129735
11784,0.0934460328
11785,0.0985385253
11786,0.1064213738
11787,0.1204209227
11788,0.1235831253
11789,0.1249949413
11790,0.1156615825
11791,0.1167129735
11821,0.0934460328
11822,0.0985385253
11823,0.1064213738
11824,0.1204209227
11825,0.1235831253
11826,0.1249949413
11827,0.1198785778
11828,0.1156615825
11829,0.0972742953
11830,0.1027527014
11831,0.1072891259
11832,0.1166645802
11833,0.1153026106
11834,0.1159142291
11835,0.1112535215
11836,0.1106566548
11837,0.1132288568
11838,0.1027527014
11839,0.1106566548
11840,0.0990830889
11841,0.0972742953
11842,0.1071924031
11843,0.112101184
11844,0.1159142291
11845,0.1112535215
11846,0.1112876835
11847,0.1174173639
11874,0.0990830889
11875,0.0972742953
11876,0.1071924031
11877,0.112101184
11878,0.1159142291
11879,0.1112535215
11880,0.1112876835
11881,0.1174173639
11882,0.0956456354
11883,0.0993767184
11884,0.1071924031
11885,0.1166645802
11886,0.1159142291
11887,0.1112535215
11888,0.1112876835
11889,0.1174173639
11921,0.0956456354
11922,0.0993767184
11923,0.1071924031
11924,0.1166645802
11925,0.1159142291
11926,0.1112535215
11927,0.1093692447
11928,0.1112876835
11929,0.1343806359
11930,0.1247758555
11931,0.172450056
11932,0.2399205017
11933,0.2730112472
11934,0.2476365048
11935,0.1855028784
11936,0.1690312793
11937,0.1608058761
11938,0.1247758555
11939,0.1690312793
11940,0.1343806359
11941,0.1343806359
11942,0.140690774
11943,0.1976272248
11944,0.2476365048
11945,0.1855028784
11946,0.1656871209
11947,0.1516557385
11975,0.1343806359
11976,0.1343806359
11977,0.140690774
11978,0.1976272248
11979,0.2476365048
11980,0.1855028784
11981,0.1656871209
11982,0.1516557385
11983,0.1343245809
11984,0.128111773
11985,0.140690774
11986,0.2399205017
11987,0.2476365048
11988,0.1855028784
11989,0.1656871209
11990,0.1516557385
12022,0.1343245809
12023,0.128111773
12024,0.140690774
12025,0.2399205017
12026,0.2476365048
12027,0.1855028784
12028,0.178167207
12029,0.1656871209
12030,0.1268277639
12031,0.1303597346
12032,0.1379954329
12033,0.149037929
12034,0.1502867386
12035,0.1485859804
12036,0.1387502051
12037,0.1303297861
12038,0.1241713145
12039,0.1189584482
12040,0.1303597346
12041,0.1241713145
12042,0.1249190341
12043,0.1268277639
12044,0.1338599316
12045,0.1426768787
12046,0.1485859804
12047,0.1387502051
12048,0.120106137
12049,0.1170132316
12078,0.1249190341
12079,0.1268277639
12080,0.1338599316
12081,0.1426768787
12082,0.1485859804
12083,0.1387502051
12084,0.120106137
12085,0.1170132316
12086,0.1250272884
12087,0.1274625591
12088,0.1338599316
12089,0.149037929
12090,0.1485859804
12091,0.1387502051
12092,0.120106137
12093,0.1170132316
12125,0.1250272884
12126,0.1274625591
12127,0.1338599316
12128,0.149037929
12129,0.1485859804
12130,0.1387502051
12131,0.1303297861
12132,0.120106137
12133,0.1147651795
12134,0.1216860277
12135,0.1254671301
12136,0.1263474471
12137,0.1281876021
12138,0.1265192343
12139,0.1280151851
12140,0.1331650109
12141,0.1351261119
12142,0.135242309
12143,0.1333751679
12144,0.1305863852
12145,0.1256439544
12146,0.1240477533
12147,0.1240577565
12148,0.1218092516
12149,0.1254671301
12150,0.1254671301
12151,0.1331650109
12152,0.1351261119
12153,0.1256439544
12154,0.1142011941
12155,0.1147651795
12156,0.1263474471
12157,0.1265192343
12158,0.1351261119
12159,0.1333751679
12160,0.1240477533
12161,0.1218092516
12197,0.1142011941
12198,0.1147651795
12199,0.1263474471
12200,0.1265192343
12201,0.1351261119
12202,0.1333751679
12203,0.1240477533
12204,0.1218092516
12205,0.1129867207
12206,0.1216860277
12207,0.1254671301
12208,0.1263474471
12209,0.1280151851
12210,0.1280151851
12211,0.1351261119
12212,0.1333751679
12213,0.1240477533
12214,0.1218092516
12249,0.1129867207
12250,0.1216860277
12251,0.1263474471
12252,0.1280151851
12253,0.1351261119
12254,0.135242309
12255,0.1333751679
12256,0.1305863852
12257,0.1240477533
12258,0.1411851181
12259,0.1812308869
12260,0.2601986238
12261,0.2532389267
12262,0.1901614399
12263,0.1902134303
12264,0.2050572368
12265,0.2068651263
12266,0.2014530424
12267,0.1948880827
12268,0.1850629008
12269,0.167739154
12270,0.1433121394
12271,0.1230656164
12272,0.2601986238
12273,0.2601986238
12274,0.2068651263
12275,0.2014530424
12276,0.1433121394
12277,0.1180565452
12278,0.1411851181
12279,0.2532389267
12280,0.1902134303
12281,0.2014530424
12282,0.1850629008
12283,0.1272768742
12284,0.1182039632
12318,0.1180565452
12319,0.1411851181
12320,0.2532389267
12321,0.1902134303
12322,0.2014530424
12323,0.1850629008
12324,0.1272768742
12325,0.1182039632
12326,0.1240553567
12327,0.1411851181
12328,0.1812308869
12329,0.2532389267
12330,0.2050572368
12331,0.2014530424
12332,0.1850629008
12333,0.1272768742
12334,0.1182039632
12368,0.1240553567
12369,0.1812308869
12370,0.2532389267
12371,0.2532389267
12372,0.2050572368
12373,0.2014530424
12374,0.1850629008
12375,0.167739154
12376,0.1272768742
