id,p_delay
31,0.1373402471
16,0.1373402471
17,0.141807119
38,0.141807119
18,0.1558475015
32,0.1558475015
39,0.1954306946
19,0.1954306946
33,0.1955816479
20,0.1955816479
40,0.2030697288
21,0.2030697288
22,0.2116598628
34,0.2116598628
41,0.2258126428
23,0.2137894005
24,0.2583715067
42,0.2583715067
35,0.2583715067
25,0.3166850132
36,0.2609839892
26,0.2609839892
43,0.2609839892
27,0.1740836728
28,0.1746431252
37,0.1746431252
44,0.1746431252
29,0.1879624516
45,0.2040441764
30,0.2040441764
129,0.1553144277
114,0.1553144277
115,0.1557754893
136,0.1557754893
130,0.1534713116
116,0.1534713116
137,0.1470051168
117,0.1470051168
118,0.1438837788
119,0.1438837788
131,0.1438837788
138,0.1460649564
120,0.163852411
132,0.163852411
139,0.1613952218
121,0.1540672765
133,0.1707756726
122,0.1707756726
140,0.1707756726
123,0.2644608432
141,0.2065574245
134,0.2065574245
124,0.2065574245
125,0.2275744391
135,0.1739201105
126,0.1739201105
142,0.1739201105
127,0.1623419722
128,0.1612722273
143,0.1612722273
212,0.1405327436
227,0.1405327436
234,0.1466750959
213,0.1466750959
228,0.159067926
214,0.159067926
235,0.154670776
215,0.154670776
229,0.1579352584
216,0.1579352584
236,0.1592180865
217,0.1592180865
218,0.1710867206
230,0.1710867206
237,0.1675976471
219,0.1717975888
231,0.181936903
220,0.181936903
238,0.181936903
221,0.2301005012
222,0.1699134849
232,0.1699134849
239,0.1699134849
223,0.1765715845
240,0.1730947809
224,0.1730947809
233,0.1730947809
225,0.1699899885
226,0.1610350352
241,0.1610350352
327,0.1623362954
312,0.1623362954
334,0.1612891446
313,0.1612891446
328,0.1605773939
314,0.1605773939
335,0.1571576145
315,0.1571576145
329,0.1556385936
316,0.1556385936
317,0.1559663068
336,0.1559663068
330,0.157264721
318,0.157264721
337,0.1600267745
319,0.1592465304
320,0.1844909739
338,0.1844909739
331,0.1844909739
321,0.2431438262
332,0.1682642623
339,0.1682642623
322,0.1682642623
323,0.1517391963
333,0.1691966911
324,0.1691966911
340,0.1691966911
325,0.1595938809
341,0.1565318044
326,0.1565318044
432,0.1690619249
417,0.1690619249
418,0.1688414346
440,0.1688414346
419,0.1757836309
433,0.1757836309
420,0.1842669946
441,0.1842669946
421,0.1715979784
434,0.1715979784
442,0.1667383983
422,0.1667383983
435,0.1673891418
423,0.1673891418
443,0.1584480263
424,0.158982042
444,0.1592786955
425,0.1592786955
436,0.1592786955
426,0.1632296382
427,0.1484819675
445,0.1484819675
437,0.1484819675
428,0.1470529247
438,0.1477456363
446,0.1477456363
429,0.1477456363
430,0.1574389335
439,0.1591897003
431,0.1591897003
447,0.1591897003
513,0.1593493029
527,0.1593493029
514,0.1597556022
535,0.1597556022
515,0.1565043632
528,0.1565043632
536,0.1553505027
516,0.1553505027
529,0.1598766174
517,0.1598766174
537,0.1625424441
518,0.1625424441
530,0.158085587
519,0.158085587
538,0.1588940285
520,0.1467727354
539,0.1463242342
521,0.1463242342
531,0.1463242342
522,0.1397317661
532,0.1442179868
523,0.1442179868
540,0.1442179868
524,0.1495457298
533,0.1548389266
541,0.1548389266
525,0.169653725
526,0.1541908766
542,0.1541908766
534,0.1541908766
622,0.1272160275
609,0.1272160275
630,0.1324354642
610,0.1251909241
623,0.1251909241
631,0.1329344721
611,0.1329344721
624,0.1418814337
612,0.1418814337
613,0.1572999174
632,0.1572999174
614,0.1660980456
625,0.1660980456
633,0.1620802555
615,0.1638678958
634,0.1564897217
626,0.1564897217
616,0.1564897217
617,0.1471657801
627,0.1473183211
618,0.1473183211
635,0.1473183211
619,0.1504258575
628,0.1476906909
636,0.1476906909
620,0.1476906909
629,0.1467783853
621,0.1467783853
637,0.1467783853
709,0.1396248892
724,0.1396248892
710,0.1349372275
731,0.1349372275
711,0.1374578338
725,0.1374578338
732,0.1506276257
712,0.1506276257
726,0.1519911381
713,0.1519911381
733,0.1539540833
714,0.1539540833
727,0.1544223113
715,0.1544223113
734,0.1630688748
716,0.1614678898
735,0.1701103621
728,0.1701103621
717,0.1701103621
718,0.2012302316
729,0.1579783971
719,0.1579783971
736,0.1579783971
720,0.1444231572
721,0.1464004628
730,0.1464004628
737,0.1464004628
722,0.157401519
738,0.1475394488
723,0.1475394488
805,0.1210692608
820,0.1210692608
827,0.1215310242
806,0.1215310242
807,0.134538484
821,0.134538484
808,0.153460458
828,0.153460458
822,0.1684270259
809,0.1684270259
829,0.1668959813
810,0.1668959813
811,0.1697227494
823,0.1697227494
830,0.1759381051
812,0.1696007385
831,0.1789585682
813,0.1789585682
824,0.1789585682
814,0.240197844
815,0.156427764
825,0.156427764
832,0.156427764
816,0.1370249282
817,0.1368905474
833,0.1368905474
826,0.1368905474
818,0.1428555184
819,0.1386564857
834,0.1386564857
917,0.1140622574
902,0.1140622574
924,0.1148858523
903,0.1148858523
918,0.1227990471
904,0.1227990471
925,0.1215348061
905,0.1215348061
919,0.122273965
906,0.122273965
926,0.1258360112
907,0.1258360112
920,0.1394766246
908,0.1394766246
927,0.1572244426
909,0.1515714371
921,0.1558043659
910,0.1558043659
928,0.1558043659
911,0.2234557237
929,0.1661872541
912,0.1661872541
922,0.1661872541
913,0.1278934297
923,0.1616199918
914,0.1616199918
930,0.1616199918
915,0.1517346751
916,0.133420576
931,0.133420576
1018,0.1121553074
1003,0.1121553074
1025,0.1139285051
1004,0.1139285051
1019,0.1209591084
1005,0.1209591084
1006,0.1198997571
1026,0.1198997571
1007,0.1151302795
1020,0.1151302795
1027,0.1192655578
1008,0.1192655578
1021,0.1204874204
1009,0.1204874204
1028,0.1221070918
1010,0.1209448266
1022,0.1284099662
1011,0.1284099662
1029,0.1284099662
1012,0.2219177442
1013,0.1481517754
1030,0.1481517754
1023,0.1481517754
1014,0.1309447016
1031,0.1321968911
1024,0.1321968911
1015,0.1321968911
1016,0.1396433637
1032,0.126631065
1017,0.126631065
1121,0.1083857626
1106,0.1083857626
1107,0.10817772
1129,0.10817772
1108,0.1123341438
1122,0.1123341438
1130,0.1176856576
1109,0.1176856576
1110,0.1217296505
1123,0.1217296505
1111,0.1188348028
1131,0.1188348028
1124,0.1293558971
1112,0.1293558971
1132,0.1233629977
1113,0.1199177828
1133,0.1260736506
1114,0.1260736506
1125,0.1260736506
1115,0.142739203
1134,0.1292856585
1126,0.1292856585
1116,0.1292856585
1117,0.1373579744
1127,0.1394015488
1118,0.1394015488
1135,0.1394015488
1119,0.1454043642
1136,0.1260396939
1128,0.1260396939
1120,0.1260396939
1202,0.1102101944
1216,0.1102101944
1203,0.1084964282
1224,0.1084964282
1217,0.1088551439
1204,0.1088551439
1225,0.1162728713
1205,0.1162728713
1206,0.1166086539
1218,0.1166086539
1226,0.1193127077
1207,0.1193127077
1219,0.1259816838
1208,0.1259816838
1227,0.1243058991
1209,0.1186258057
1220,0.1161585929
1210,0.1161585929
1228,0.1161585929
1211,0.1145348526
1221,0.1228454607
1229,0.1228454607
1212,0.1228454607
1213,0.1248668924
1230,0.1353756502
1222,0.1353756502
1214,0.1827575248
1223,0.211328351
1231,0.211328351
1215,0.211328351
1311,0.1279871321
1298,0.1279871321
1319,0.1237840936
1299,0.1252299256
1312,0.1252299256
1320,0.1464457785
1300,0.1464457785
1301,0.1755854849
1313,0.1755854849
1302,0.1913238648
1321,0.1913238648
1303,0.176121874
1314,0.176121874
1322,0.1709720006
1304,0.171826209
1305,0.1671194596
1323,0.1671194596
1315,0.1671194596
1306,0.1561673317
1316,0.1443986179
1307,0.1443986179
1324,0.1443986179
1308,0.1460232457
1317,0.1451974154
1325,0.1451974154
1309,0.1451974154
1310,0.175981951
1318,0.175981951
1326,0.175981951
1395,0.1130141264
1410,0.1130141264
1418,0.1125223522
1396,0.1125223522
1397,0.1179460277
1411,0.1179460277
1398,0.1262438846
1419,0.1262438846
1399,0.1417568118
1412,0.1417568118
1400,0.1632722876
1420,0.1632722876
1401,0.1936778352
1413,0.1936778352
1421,0.205333633
1402,0.1827279366
1414,0.1846233412
1403,0.1846233412
1422,0.1846233412
1404,0.2844703343
1405,0.1964099231
1415,0.1964099231
1423,0.1964099231
1406,0.1603035622
1407,0.1653702125
1424,0.1653702125
1416,0.1653702125
1408,0.1689478491
1409,0.1599685308
1417,0.1599685308
1425,0.1599685308
1494,0.14418841
1509,0.14418841
1517,0.1432879042
1495,0.1432879042
1496,0.1363356979
1510,0.1363356979
1518,0.1439501123
1497,0.1439501123
1498,0.1599457657
1511,0.1599457657
1499,0.1777138016
1519,0.1777138016
1512,0.1940786453
1500,0.1940786453
1520,0.2002637684
1501,0.1881214583
1513,0.1813319719
1502,0.1813319719
1521,0.1813319719
1503,0.2611573771
1514,0.1555046361
1504,0.1555046361
1522,0.1555046361
1505,0.1523114159
1523,0.1550178091
1515,0.1550178091
1506,0.1550178091
1507,0.1620365698
1516,0.1553714535
1508,0.1553714535
1524,0.1553714535
1592,0.1249770722
1607,0.1249770722
1614,0.1299817464
1593,0.1299817464
1594,0.140500847
1608,0.140500847
1615,0.154268848
1595,0.154268848
1596,0.1579357556
1609,0.1579357556
1597,0.1729346323
1616,0.1729346323
1598,0.1885818137
1610,0.1885818137
1617,0.1966769056
1599,0.188780213
1600,0.1834143683
1611,0.1834143683
1618,0.1834143683
1601,0.2598095301
1602,0.2011921228
1612,0.2011921228
1619,0.2011921228
1603,0.1484830941
1620,0.1724276043
1613,0.1724276043
1604,0.1724276043
1605,0.1724404395
1606,0.1709777815
1621,0.1709777815
1691,0.1249278559
1706,0.1249278559
1692,0.130357857
1713,0.130357857
1693,0.1336183089
1707,0.1336183089
1714,0.149439344
1694,0.149439344
1708,0.1637901007
1695,0.1637901007
1696,0.1762302112
1715,0.1762302112
1697,0.1933873654
1709,0.1933873654
1716,0.1850519227
1698,0.1494278755
1717,0.150371366
1699,0.150371366
1710,0.150371366
1700,0.1824073762
1718,0.1492301059
1711,0.1492301059
1701,0.1492301059
1702,0.1614313367
1719,0.1693847138
1712,0.1693847138
1703,0.1693847138
1704,0.1555947526
1705,0.1656510047
1720,0.1656510047
1810,0.1690458046
1795,0.1690458046
1818,0.1525353387
1796,0.1525353387
1797,0.152875165
1811,0.152875165
1798,0.1634422122
1819,0.1634422122
1812,0.1714094851
1799,0.1714094851
1820,0.1551380872
1800,0.1551380872
1813,0.1589534156
1801,0.1589534156
1821,0.1607311234
1802,0.1571460869
1822,0.1782181404
1803,0.1782181404
1814,0.1782181404
1804,0.1734754923
1815,0.1710230265
1805,0.1710230265
1823,0.1710230265
1806,0.1939406657
1824,0.2005861715
1807,0.2005861715
1816,0.2005861715
1808,0.1877989862
1817,0.1638941002
1809,0.1638941002
1825,0.1638941002
1891,0.1444461869
1905,0.1444461869
1913,0.1468732717
1892,0.1468732717
1906,0.1452635549
1893,0.1452635549
1914,0.1505413959
1894,0.1505413959
1907,0.1616741244
1895,0.1616741244
1915,0.1599866547
1896,0.1599866547
1908,0.1709312562
1897,0.1709312562
1916,0.1695174848
1898,0.1650680453
1917,0.1633276989
1899,0.1633276989
1909,0.1633276989
1900,0.1601598887
1910,0.1630527944
1918,0.1630527944
1901,0.1630527944
1902,0.1664080206
1911,0.1677522894
1919,0.1677522894
1903,0.1827662107
1912,0.1539109163
1904,0.1539109163
1920,0.1539109163
1987,0.1352844231
2000,0.1352844231
2008,0.1358235635
2001,0.1398939655
1988,0.1398939655
2009,0.1453660909
1989,0.1453660909
2002,0.1482134772
1990,0.1482134772
1991,0.1491708956
2010,0.1491708956
1992,0.151164375
2003,0.151164375
2011,0.1506180259
1993,0.1535964817
2012,0.1448204546
1994,0.1448204546
2004,0.1448204546
1995,0.1435244389
2005,0.1425038764
2013,0.1425038764
1996,0.1425038764
1997,0.153737645
1998,0.1606305924
2006,0.1606305924
2014,0.1606305924
2007,0.169331395
1999,0.169331395
2015,0.169331395
2100,0.1649071743
2085,0.1649071743
2086,0.1695675062
2107,0.1695675062
2087,0.1673198136
2101,0.1673198136
2108,0.1731238963
2088,0.1731238963
2102,0.1722344633
2089,0.1722344633
2109,0.1677268134
2090,0.1677268134
2091,0.1742484177
2103,0.1742484177
2110,0.1810654389
2092,0.1735972854
2111,0.1785840644
2104,0.1785840644
2093,0.1785840644
2094,0.1793310376
2112,0.1705798265
2095,0.1705798265
2105,0.1705798265
2096,0.1736528462
2106,0.1830674811
2113,0.1830674811
2097,0.1830674811
2098,0.1748538045
2114,0.1522418601
2099,0.1522418601
2182,0.1300503706
2197,0.1300503706
2204,0.125013893
2183,0.125013893
2184,0.12364309
2198,0.12364309
2205,0.1150503952
2185,0.1150503952
2186,0.1144197356
2199,0.1144197356
2187,0.1108094114
2206,0.1108094114
2200,0.1150714884
2188,0.1150714884
2207,0.1121266923
2189,0.1118272304
2208,0.1210355608
2190,0.1210355608
2201,0.1210355608
2191,0.1469366126
2209,0.1263305819
2192,0.1263305819
2202,0.1263305819
2193,0.2123859474
2203,0.1955360362
2194,0.1955360362
2210,0.1955360362
2195,0.2112000981
2211,0.232193302
2196,0.232193302
2295,0.1478953415
2280,0.1478953415
2281,0.1496948289
2303,0.1496948289
2282,0.154935548
2296,0.154935548
2283,0.1624022083
2304,0.1624022083
2297,0.1642425674
2284,0.1642425674
2285,0.1699713478
2298,0.1699713478
2305,0.1699713478
2286,0.1859424825
2299,0.1859424825
2306,0.1878844955
2287,0.1862449382
2300,0.1627312743
2288,0.1627312743
2307,0.1627312743
2289,0.1509083892
2308,0.1503544977
2290,0.1503544977
2301,0.1503544977
2291,0.2440547127
2302,0.2570704941
2309,0.2570704941
2292,0.2570704941
2293,0.1883200164
2310,0.1526034673
2294,0.1526034673
2402,0.1243016325
2387,0.1243016325
2412,0.1299037641
2388,0.1299037641
2389,0.1385720131
2403,0.1385720131
2413,0.1411308423
2390,0.1411308423
2391,0.1440821048
2404,0.1440821048
2414,0.1442101966
2392,0.1442101966
2405,0.1483539663
2393,0.1483539663
2415,0.1527102707
2394,0.1473586676
2406,0.1473586676
2416,0.1490587601
2395,0.1490587601
2407,0.1490587601
2396,0.1534237839
2408,0.1481027745
2417,0.1481027745
2397,0.1481027745
2409,0.1841341983
2398,0.1841341983
2399,0.1698858442
2410,0.1698858442
2418,0.1698858442
2400,0.1771932928
2401,0.157919772
2419,0.157919772
2411,0.157919772
2522,0.1168612341
2507,0.1168612341
2533,0.1143485587
2508,0.1143485587
2523,0.1224851497
2509,0.1224851497
2524,0.1533575593
2534,0.1533575593
2510,0.1533575593
2525,0.1545119032
2511,0.1545119032
2535,0.1641372795
2512,0.1641372795
2513,0.1832436906
2526,0.1832436906
2536,0.187080783
2537,0.1753543712
2514,0.1753543712
2538,0.1653174583
2527,0.1653174583
2515,0.1653174583
2516,0.1601567676
2528,0.1601567676
2529,0.1684205028
2517,0.1684205028
2539,0.1684205028
2518,0.2042432426
2530,0.210409015
2519,0.210409015
2540,0.210409015
2531,0.221451868
2520,0.221451868
2532,0.2097593496
2521,0.2097593496
2541,0.2097593496
2645,0.1589751383
2631,0.1589751383
2632,0.1644111403
2656,0.1644111403
2633,0.1727317244
2646,0.1727317244
2634,0.1716210435
2647,0.1716210435
2657,0.1716210435
2635,0.169105599
2648,0.169105599
2658,0.1798889766
2636,0.1798889766
2649,0.1784957662
2637,0.1784957662
2659,0.1883676015
2660,0.2016183812
2638,0.2016183812
2639,0.1914057128
2661,0.1914057128
2650,0.1914057128
2651,0.1664322312
2640,0.1664322312
2652,0.1579711759
2662,0.1579711759
2641,0.1579711759
2642,0.1557653531
2663,0.1804031758
2653,0.1804031758
2654,0.2150455661
2643,0.2150455661
2655,0.1862038709
2644,0.1862038709
2664,0.1862038709
2749,0.1410495006
2736,0.1410495006
2757,0.1479488149
2750,0.1542939875
2737,0.1542939875
2738,0.166144939
2758,0.166144939
2739,0.1717583861
2751,0.1717583861
2740,0.1738852928
2759,0.1738852928
2741,0.1679135687
2752,0.1679135687
2760,0.1742232067
2742,0.1684218735
2753,0.1624204423
2743,0.1624204423
2761,0.1624204423
2744,0.1552514695
2754,0.1526670708
2745,0.1526670708
2762,0.1526670708
2746,0.1513708723
2747,0.1493447953
2763,0.1493447953
2755,0.1493447953
2764,0.1570431686
2748,0.1570431686
2756,0.1570431686
2837,0.1205307092
2824,0.1239939833
2838,0.1239939833
2825,0.1254794113
2845,0.1254794113
2826,0.1254397929
2839,0.1254397929
2827,0.1337123479
2846,0.1337123479
2840,0.1317129218
2828,0.1317129218
2847,0.1318284703
2829,0.1359410531
2830,0.1328118956
2841,0.1328118956
2848,0.1328118956
2831,0.1348606201
2832,0.133146302
2842,0.133146302
2849,0.133146302
2833,0.1318954685
2843,0.1397603146
2834,0.1397603146
2850,0.1397603146
2835,0.1468405922
2836,0.1458200313
2844,0.1458200313
2851,0.1458200313
2957,0.1389400867
2942,0.1389400867
2943,0.1322299022
2968,0.1322299022
2958,0.135162391
2944,0.135162391
2945,0.1384054203
2959,0.1384054203
2969,0.1384054203
2946,0.1348974996
2960,0.1348974996
2970,0.1410892205
2947,0.1410892205
2961,0.1391138393
2948,0.1391138393
2971,0.1426148024
2949,0.1409369793
2972,0.1409369793
2950,0.139692963
2973,0.139692963
2962,0.139692963
2963,0.1388024194
2951,0.1388024194
2974,0.1370092651
2952,0.1370092651
2964,0.1370092651
2953,0.136212417
2965,0.1494243364
2954,0.1494243364
2975,0.1494243364
2955,0.1822822329
2966,0.1822822329
2956,0.1513135676
2967,0.1513135676
2976,0.1513135676
3071,0.123572971
3086,0.123572971
3072,0.1236605041
3097,0.1236605041
3087,0.122027922
3073,0.122027922
3098,0.1201147346
3074,0.1201147346
3088,0.1201147346
3075,0.1233846226
3089,0.1233846226
3076,0.1229569138
3099,0.1229569138
3077,0.1408290578
3090,0.1408290578
3100,0.1355300612
3101,0.1214351448
3078,0.1214351448
3102,0.120010455
3079,0.120010455
3091,0.120010455
3092,0.1191738823
3080,0.1191738823
3103,0.1185556213
3081,0.1185556213
3093,0.1185556213
3082,0.1300340258
3104,0.1259907754
3083,0.1259907754
3094,0.1259907754
3095,0.1582759601
3084,0.1582759601
3085,0.1402237663
3096,0.1402237663
3105,0.1402237663
3207,0.117192617
3192,0.117192617
3217,0.1181363093
3193,0.1181363093
3194,0.1210112387
3208,0.1210112387
3218,0.1290630559
3195,0.1290630559
3209,0.1251439223
3196,0.1251439223
3197,0.1296484866
3219,0.1296484866
3198,0.1337422641
3210,0.1337422641
3220,0.1340975428
3199,0.1298345465
3211,0.1298345465
3221,0.1316712012
3212,0.1316712012
3200,0.1316712012
3201,0.1312074319
3202,0.1320616931
3222,0.1320616931
3213,0.1320616931
3214,0.132756238
3203,0.132756238
3215,0.1521333191
3204,0.1521333191
3223,0.1521333191
3205,0.1644240593
3224,0.1786831557
3206,0.1786831557
3216,0.1786831557
3326,0.1225744195
3311,0.1225744195
3312,0.1220082953
3336,0.1220082953
3313,0.1218160865
3327,0.1218160865
3337,0.1252790546
3314,0.1252790546
3315,0.1245528539
3328,0.1245528539
3338,0.1231278055
3316,0.1231278055
3317,0.1319906586
3329,0.1319906586
3339,0.1278404735
3330,0.1205136601
3318,0.1205136601
3331,0.1261251859
3319,0.1261251859
3340,0.1261251859
3320,0.1257521967
3332,0.1235438307
3341,0.1235438307
3321,0.1235438307
3322,0.1287444855
3333,0.1287444855
3334,0.1372157074
3323,0.1372157074
3342,0.1372157074
3324,0.1395260175
3335,0.150406921
3343,0.150406921
3325,0.150406921
3415,0.1345175622
3429,0.1345175622
3416,0.1369399149
3437,0.1369399149
3417,0.1390411053
3430,0.1390411053
3438,0.1540155102
3418,0.1540155102
3431,0.1610712384
3419,0.1610712384
3439,0.1768602898
3420,0.1768602898
3421,0.1655370505
3432,0.1655370505
3440,0.1732827113
3422,0.1568072297
3441,0.1381191466
3423,0.1381191466
3433,0.1381191466
3442,0.1348105572
3424,0.1348105572
3443,0.1318566765
3434,0.1318566765
3425,0.1318566765
3426,0.1411127524
3435,0.150905031
3444,0.150905031
3427,0.1620976112
3436,0.1833546676
3428,0.1833546676
3445,0.1833546676
3523,0.1196306919
3510,0.1196306919
3531,0.1146958323
3511,0.110874515
3524,0.110874515
3532,0.1191171844
3512,0.1191171844
3525,0.1332999311
3513,0.1332999311
3514,0.1468288846
3533,0.1468288846
3526,0.1469466565
3515,0.1469466565
3534,0.1700050866
3516,0.1578172863
3517,0.1530096755
3535,0.1530096755
3527,0.1530096755
3518,0.1367891188
3536,0.1255505181
3519,0.1255505181
3528,0.1255505181
3520,0.1236506743
3521,0.1342082804
3529,0.1342082804
3537,0.1342082804
3522,0.1450312682
3530,0.1450312682
3538,0.1450312682
3616,0.1087268168
3617,0.108648544
3603,0.108648544
3604,0.1086311567
3624,0.1086311567
3618,0.1090556674
3605,0.1090556674
3625,0.1220061733
3606,0.1220061733
3619,0.1314716888
3607,0.1314716888
3626,0.1394307619
3608,0.1378217583
3627,0.1352357488
3620,0.1352357488
3609,0.1352357488
3610,0.128771218
3611,0.1235785276
3621,0.1235785276
3628,0.1235785276
3612,0.1150229855
3613,0.1191896667
3622,0.1191896667
3629,0.1191896667
3614,0.1199518442
3615,0.1307141086
3623,0.1307141086
3630,0.1307141086
3706,0.107659148
3721,0.1075212318
3707,0.1075212318
3729,0.109418337
3722,0.1142025854
3708,0.1142025854
3709,0.119326322
3730,0.119326322
3723,0.113167196
3710,0.113167196
3731,0.1182995348
3711,0.1182995348
3712,0.1238211545
3724,0.1313894876
3732,0.1324950644
3713,0.1324950644
3725,0.1320108315
3714,0.1320108315
3733,0.1286679819
3715,0.1286679819
3734,0.1272503557
3716,0.1272503557
3717,0.1437671572
3726,0.1437671572
3735,0.1369086681
3727,0.1406331164
3718,0.1406331164
3719,0.1343981178
3728,0.139730051
3720,0.139730051
3736,0.139730051
3805,0.1125447979
3820,0.1132812198
3806,0.1132812198
3828,0.1112489267
3807,0.1110981183
3821,0.1110981183
3808,0.1114776981
3829,0.1114776981
3822,0.1176484074
3809,0.1176484074
3810,0.120812184
3830,0.120812184
3811,0.1219058863
3823,0.1218929206
3831,0.1181572898
3812,0.1181572898
3813,0.1188677506
3824,0.1188677506
3814,0.1211526346
3832,0.1211526346
3833,0.1305690195
3815,0.1305690195
3816,0.126644013
3825,0.126644013
3834,0.1308678333
3817,0.1351241732
3826,0.1351241732
3818,0.1220250898
3819,0.1320867238
3827,0.1320867238
3835,0.1320867238
3907,0.1141825168
3908,0.1143028865
3918,0.1143028865
3924,0.1150137205
3919,0.1186868219
3909,0.1186868219
3925,0.125286424
3910,0.125286424
3911,0.1521535106
3920,0.1521535106
3912,0.1534132682
3926,0.1534132682
3927,0.1678781115
3913,0.1678781115
3914,0.1587906474
3921,0.1587906474
3928,0.1805219618
3922,0.1765164008
3915,0.1765164008
3916,0.1746063762
3923,0.179347033
3929,0.179347033
3917,0.179347033
4004,0.1478427099
4019,0.1475093642
4005,0.1475093642
4027,0.1514220386
4020,0.1607808813
4006,0.1607808813
4028,0.163957849
4007,0.163957849
4008,0.1690709899
4021,0.1690709899
4029,0.1712800714
4009,0.1712800714
4010,0.1770907568
4022,0.1789660392
4030,0.1838990114
4011,0.1838990114
4023,0.1975500539
4012,0.1975500539
4013,0.2060263453
4031,0.2060263453
4032,0.2067064275
4014,0.2067064275
4024,0.2150870452
4015,0.2150870452
4033,0.2199728095
4025,0.2338332627
4016,0.2338332627
4017,0.2134869059
4026,0.2192876532
4018,0.2192876532
4034,0.2192876532
4098,0.1591511395
4112,0.1607113774
4099,0.1607113774
4120,0.1598614106
4100,0.1637095304
4113,0.1637095304
4121,0.1619462304
4101,0.1619462304
4114,0.1682316534
4102,0.1682316534
4103,0.165897847
4122,0.165897847
4104,0.1635052135
4115,0.1729823857
4123,0.1564308096
4105,0.1564308096
4106,0.1545385665
4116,0.1545385665
4107,0.159547708
4124,0.159547708
4108,0.1628109125
4125,0.1628109125
4117,0.1644756775
4109,0.1644756775
4126,0.1712477532
4118,0.1767563103
4110,0.2230304078
4111,0.226448438
4127,0.226448438
4119,0.226448438
4195,0.1475744463
4196,0.1489348495
4209,0.1489348495
4217,0.1506182867
4197,0.1527629528
4210,0.1527629528
4218,0.1579088223
4198,0.1579088223
4211,0.1656426426
4199,0.1656426426
4200,0.1526317418
4219,0.1526317418
4201,0.1464172917
4212,0.1490400066
4220,0.1430164978
4202,0.1430164978
4203,0.1428664211
4213,0.1428664211
4204,0.1418853313
4221,0.1418853313
4222,0.1451822467
4205,0.1451822467
4214,0.1617021394
4206,0.1617021394
4223,0.1833833409
4215,0.1702316534
4207,0.1702316534
4216,0.16950524
4208,0.16950524
4224,0.16950524
4293,0.1447954398
4308,0.1447954398
4294,0.1447954398
4316,0.1454553607
4295,0.1554331445
4309,0.1554331445
4317,0.1512439758
4296,0.1512439758
4297,0.1492307969
4310,0.1492307969
4298,0.1513719144
4318,0.1513719144
4299,0.1628561663
4311,0.1647677893
4300,0.1604492859
4319,0.1604492859
4301,0.1823432795
4312,0.1823432795
4320,0.2336966862
4302,0.2336966862
4303,0.1737665554
4321,0.1737665554
4304,0.1633363891
4313,0.1633363891
4322,0.1711447368
4305,0.1650754182
4314,0.1650754182
4306,0.1710643089
4307,0.1651520545
4315,0.1651520545
4323,0.1651520545
4392,0.1510578835
4407,0.1536577987
4393,0.1536577987
4415,0.1592135973
4394,0.1654017835
4408,0.1654017835
4416,0.1670006837
4395,0.1670006837
4409,0.1610129666
4396,0.1610129666
4397,0.1707051008
4417,0.1707051008
4398,0.1805112317
4410,0.182606929
4418,0.1725495803
4399,0.1725495803
4411,0.1855060082
4400,0.1855060082
4401,0.1949171591
4419,0.1949171591
4402,0.1785448027
4420,0.1785448027
4412,0.1647282426
4403,0.1647282426
4421,0.1803644281
4404,0.1791742342
4413,0.1791742342
4405,0.1799114002
4406,0.1687296097
4414,0.1687296097
4422,0.1687296097
4483,0.1543896296
4498,0.1550090328
4484,0.1550090328
4506,0.153200777
4499,0.1441523413
4485,0.1441523413
4486,0.1512542831
4507,0.1512542831
4500,0.1645984852
4487,0.1645984852
4508,0.1845267477
4488,0.1845267477
4489,0.1841281388
4501,0.1807986215
4509,0.1721528683
4490,0.1721528683
4502,0.1857876482
4491,0.1857876482
4510,0.2096120904
4492,0.2096120904
4511,0.1689965671
4493,0.1689965671
4494,0.1570631574
4503,0.1570631574
4512,0.1591188328
4504,0.1618424104
4495,0.1618424104
4496,0.1525897013
4505,0.1591252798
4497,0.1591252798
4513,0.1591252798
4576,0.1396324914
4591,0.1372685039
4577,0.1372685039
4599,0.1367483788
4578,0.1389813696
4592,0.1389813696
4579,0.1383297951
4600,0.1383297951
4593,0.1385787759
4580,0.1385787759
4581,0.1416669268
4601,0.1416669268
4582,0.1438129223
4594,0.142913254
4602,0.1368968533
4583,0.1368968533
4584,0.1494156262
4595,0.1494156262
4603,0.1785121849
4585,0.1785121849
4586,0.1427939882
4604,0.1427939882
4596,0.1288439419
4587,0.1288439419
4605,0.1345546482
4588,0.1414229898
4597,0.1414229898
4589,0.1350882282
4598,0.1369651667
4606,0.1369651667
4590,0.1369651667
4682,0.121832961
4697,0.122176759
4683,0.122176759
4705,0.1244404002
4698,0.1254001517
4684,0.1254001517
4706,0.1297361015
4685,0.1297361015
4699,0.1320359243
4686,0.1320359243
4707,0.1313762995
4687,0.1313762995
4688,0.137165237
4700,0.1394678058
4708,0.132455765
4689,0.132455765
4701,0.1402946395
4690,0.1402946395
4691,0.1483568733
4709,0.1483568733
4692,0.1379102136
4710,0.1379102136
4702,0.1377608895
4693,0.1377608895
4711,0.1450912401
4703,0.1592946745
4694,0.1592946745
4695,0.1597869334
4704,0.1682312548
4696,0.1682312548
4712,0.1682312548
4776,0.1492706151
4790,0.1522127304
4777,0.1522127304
4798,0.1587394572
4778,0.1573090363
4791,0.1573090363
4779,0.1663298598
4799,0.1663298598
4792,0.1734610438
4780,0.1734610438
4800,0.1779145432
4781,0.1779145432
4782,0.191797489
4793,0.2077057897
4801,0.198802398
4783,0.198802398
4784,0.1936100331
4794,0.1936100331
4785,0.1833778591
4802,0.1833778591
4786,0.1808131612
4803,0.1808131612
4795,0.1726465844
4787,0.1726465844
4804,0.166259602
4796,0.1947295798
4788,0.1739282854
4805,0.1660598127
4789,0.1660598127
4797,0.1660598127
4873,0.130337327
4886,0.1293736491
4894,0.1262042973
4874,0.1249400562
4887,0.1249400562
4895,0.1275244093
4875,0.1275244093
4888,0.1363998253
4876,0.1363998253
4877,0.1331121373
4896,0.1331121373
4878,0.1387838872
4889,0.1419075157
4897,0.1378514087
4879,0.1378514087
4880,0.1365336836
4890,0.1365336836
4881,0.1279770781
4898,0.1279770781
4899,0.1299310248
4882,0.1299310248
4891,0.1402055659
4883,0.1402055659
4900,0.1443273445
4892,0.1637657384
4884,0.1637657384
4893,0.1969732427
4885,0.1969732427
4901,0.1969732427
4970,0.1237426488
4985,0.1279896022
4971,0.1279896022
4993,0.1275368956
4972,0.1420171826
4986,0.1420171826
4994,0.1439995394
4973,0.1439995394
4974,0.1563533014
4987,0.1563533014
4975,0.1794286119
4995,0.1794286119
4976,0.2223817364
4988,0.2383341365
4977,0.2422183318
4996,0.2422183318
4978,0.2441313702
4989,0.2441313702
4979,0.2780731253
4997,0.2780731253
4998,0.1989360225
4980,0.1989360225
4981,0.1750142154
4990,0.1750142154
4999,0.1841044729
4982,0.1904500381
4991,0.1904500381
4983,0.1849153643
4992,0.2213077817
4984,0.2213077817
5000,0.2213077817
5069,0.2421027745
5070,0.2253382428
5084,0.2253382428
5092,0.2080460403
5085,0.2061737485
5071,0.2061737485
5093,0.225467444
5072,0.225467444
5086,0.2137458024
5073,0.2137458024
5074,0.2232995822
5094,0.2232995822
5075,0.2378575493
5087,0.2418354462
5076,0.2403208742
5095,0.2403208742
5088,0.2577760283
5077,0.2577760283
5078,0.3229031242
5096,0.3229031242
5097,0.2155205383
5079,0.2155205383
5089,0.192362348
5080,0.192362348
5098,0.1966939616
5090,0.1874859556
5081,0.1874859556
5082,0.1803690264
5091,0.1911070742
5083,0.1911070742
5099,0.1911070742
5160,0.186473933
5175,0.1791254107
5161,0.1791254107
5183,0.183471338
5162,0.1982403181
5176,0.1982403181
5163,0.2095561783
5184,0.2095561783
5177,0.2305688049
5164,0.2305688049
5165,0.2319627713
5185,0.2319627713
5166,0.248755915
5178,0.2629336441
5186,0.2205714202
5167,0.2205714202
5168,0.2378970151
5179,0.2378970151
5187,0.2740863629
5169,0.2740863629
5188,0.2386940337
5170,0.2386940337
5180,0.2432914277
5171,0.2432914277
5189,0.2375850307
5172,0.2557012826
5181,0.2557012826
5173,0.2376167029
5182,0.2250728085
5174,0.2250728085
5190,0.2250728085
5259,0.1914788645
5260,0.1836208144
5274,0.1836208144
5282,0.1871632306
5275,0.1872022905
5261,0.1872022905
5262,0.181401787
5283,0.181401787
5276,0.1747294429
5263,0.1747294429
5264,0.1815437969
5284,0.1815437969
5265,0.1964562459
5277,0.2243616874
5285,0.2146121104
5266,0.2146121104
5267,0.2317890498
5278,0.2317890498
5268,0.312986773
5286,0.312986773
5287,0.2040780557
5269,0.2040780557
5270,0.1845343315
5279,0.1845343315
5288,0.1873702209
5271,0.1905658829
5280,0.1905658829
5272,0.1794620043
5273,0.1752921907
5281,0.1752921907
5289,0.1752921907
5365,0.1594517182
5380,0.162792813
5366,0.162792813
5388,0.1623113061
5381,0.1684118151
5367,0.1684118151
5389,0.1650770873
5368,0.1650770873
5382,0.1608226384
5369,0.1608226384
5370,0.160657326
5390,0.160657326
5371,0.165065534
5383,0.1630490696
5391,0.1560988422
5372,0.1560988422
5373,0.1575159794
5384,0.1575159794
5374,0.1565610379
5392,0.1565610379
5375,0.1571576145
5393,0.1571576145
5376,0.1653180232
5385,0.1653180232
5394,0.1564797015
5386,0.1761365395
5377,0.1761365395
5378,0.1642787589
5379,0.1764675787
5395,0.1764675787
5387,0.1764675787
5459,0.1473235791
5473,0.1435660193
5460,0.1435660193
5481,0.1408419892
5461,0.1397430391
5474,0.1397430391
5482,0.1417877064
5462,0.1417877064
5463,0.1438501516
5475,0.1438501516
5483,0.1572945891
5464,0.1572945891
5465,0.1447979269
5476,0.1619109183
5484,0.1524391965
5466,0.1524391965
5477,0.1485343698
5467,0.1485343698
5485,0.1468590264
5468,0.1468590264
5469,0.1585193501
5486,0.1585193501
5470,0.1646670025
5478,0.1646670025
5487,0.1677743469
5479,0.1763844301
5471,0.1842250527
5472,0.1983361345
5480,0.1983361345
5488,0.1983361345
5559,0.2264631181
5573,0.2307257212
5581,0.2260545402
5560,0.2185617615
5574,0.2185617615
5561,0.2169167855
5582,0.2169167855
5562,0.2150288323
5575,0.2150288323
5583,0.204793952
5563,0.204793952
5564,0.204793952
5565,0.2233872718
5576,0.2221700512
5566,0.2210894537
5584,0.2210894537
5577,0.2097069655
5567,0.2097069655
5585,0.1943735976
5568,0.1943735976
5586,0.1832854958
5569,0.1832854958
5578,0.2067980852
5570,0.2067980852
5587,0.2109852751
5571,0.2269478446
5579,0.2269478446
5572,0.1882363549
5580,0.1882363549
5588,0.1882363549
5657,0.1512340971
5658,0.1467296812
5672,0.1467296812
5680,0.1438837788
5659,0.1515859089
5673,0.1515859089
5681,0.1695460436
5660,0.1695460436
5674,0.1694161466
5661,0.1694161466
5662,0.1948656179
5682,0.1948656179
5663,0.2226485431
5675,0.2156667076
5683,0.2005263997
5664,0.2005263997
5665,0.215584464
5676,0.215584464
5684,0.262025954
5666,0.262025954
5685,0.1797115216
5667,0.1797115216
5668,0.1882736783
5677,0.1882736783
5686,0.1681346033
5669,0.177177457
5678,0.177177457
5670,0.1730510078
5679,0.1817322655
5671,0.1817322655
5687,0.1817322655
5730,0.1816451729
5745,0.1819791331
5731,0.1819791331
5753,0.180238093
5746,0.1709604716
5732,0.1709604716
5733,0.1476576899
5754,0.1476576899
5747,0.1414787976
5734,0.1414787976
5755,0.1423807615
5735,0.1423807615
5736,0.1427813671
5748,0.1528166559
5737,0.1481628681
5756,0.1481628681
5749,0.1667889122
5738,0.1667889122
5739,0.2603770492
5757,0.2603770492
5740,0.1798679958
5758,0.1798679958
5750,0.1496361162
5741,0.1496361162
5759,0.1547903382
5751,0.149936231
5742,0.149936231
5743,0.1620438338
5752,0.1660166955
5744,0.1660166955
5760,0.1660166955
5829,0.1675256238
5830,0.1662555619
5844,0.1662555619
5852,0.1664952944
5845,0.1670597656
5831,0.1670597656
5853,0.1750959437
5832,0.1750959437
5846,0.1623906455
5833,0.1623906455
5834,0.1717680955
5854,0.1717680955
5835,0.1728432388
5847,0.1829408173
5836,0.170466365
5855,0.170466365
5848,0.176839831
5837,0.176839831
5856,0.2122137265
5838,0.2122137265
5839,0.1717016634
5857,0.1717016634
5849,0.1640223529
5840,0.1640223529
5858,0.1657303398
5841,0.1654738052
5850,0.1654738052
5842,0.1703578077
5843,0.1954251354
5859,0.1954251354
5851,0.1954251354
5928,0.1456904755
5929,0.1456095221
5943,0.1456095221
5951,0.1515863096
5930,0.165978603
5944,0.165978603
5931,0.1653315017
5952,0.1653315017
5932,0.1739361419
5945,0.1739361419
5953,0.1602111281
5933,0.1602111281
5934,0.1429586325
5946,0.1363394333
5935,0.1239012241
5954,0.1239012241
5936,0.1294831016
5947,0.1294831016
5955,0.1467883395
5937,0.1467883395
5938,0.1258110653
5956,0.1258110653
5939,0.1292673501
5948,0.1292673501
5957,0.1390661487
5949,0.1412527278
5940,0.1412527278
5941,0.1476390347
5950,0.1459579812
5942,0.1459579812
5958,0.1459579812
6033,0.1387721658
6034,0.1413457735
6048,0.1413457735
6056,0.1400918963
6049,0.1352663998
6035,0.1352663998
6057,0.1386729006
6036,0.1386729006
6037,0.1519028329
6050,0.1519028329
6038,0.1562628621
6058,0.1562628621
6039,0.1729192628
6051,0.1960886675
6040,0.1806303282
6059,0.1806303282
6041,0.1806733057
6052,0.1806733057
6042,0.1729755472
6060,0.1729755472
6061,0.1616059903
6043,0.1616059903
6053,0.1404446483
6044,0.1404446483
6062,0.1549051722
6045,0.1609936802
6054,0.1609936802
6046,0.1531718024
6047,0.1648062156
6055,0.1648062156
6063,0.1648062156
6127,0.1320876447
6141,0.1356395557
6128,0.1356395557
6149,0.1386996088
6129,0.1386727145
6142,0.1386727145
6130,0.1364905506
6150,0.1364905506
6143,0.1396943853
6131,0.1396943853
6151,0.1363646139
6132,0.1363646139
6133,0.1405517276
6144,0.150548644
6152,0.1531503319
6134,0.1531503319
6135,0.1491603642
6145,0.1491603642
6136,0.1491603642
6153,0.1491603642
6137,0.1573018629
6154,0.1573018629
6138,0.1605073813
6146,0.1605073813
6155,0.1681447486
6147,0.1712959118
6139,0.1746471174
6148,0.1722472891
6140,0.1722472891
6156,0.1722472891
6223,0.1373749299
6236,0.1371463583
6244,0.1384449429
6224,0.1429847567
6237,0.1429847567
6245,0.1472884422
6225,0.1472884422
6238,0.1511271405
6226,0.1511271405
6246,0.159975251
6227,0.159975251
6228,0.1519928044
6239,0.1541429169
6229,0.1563445322
6247,0.1563445322
6240,0.1587874294
6230,0.1587874294
6231,0.1617353163
6248,0.1617353163
6249,0.1639166487
6232,0.1639166487
6233,0.1773361919
6241,0.1773361919
6250,0.1875757189
6234,0.2348278609
6242,0.2348278609
6235,0.2050023447
6243,0.2050023447
6251,0.2050023447
6319,0.1925918592
6334,0.190807807
6320,0.190807807
6342,0.1884556214
6321,0.1977751334
6335,0.1977751334
6322,0.1926162906
6343,0.1926162906
6323,0.2084821904
6336,0.2084821904
6324,0.2127773632
6344,0.2127773632
6325,0.2256944456
6337,0.228474955
6345,0.2244732029
6326,0.2244732029
6338,0.2489070312
6327,0.2489070312
6328,0.3079023048
6346,0.3079023048
6347,0.2362509949
6329,0.2362509949
6339,0.243209241
6330,0.243209241
6348,0.2002832189
6331,0.1860727941
6340,0.1860727941
6332,0.1690552947
6333,0.1618710639
6341,0.1618710639
6349,0.1618710639
6418,0.1390269636
6433,0.1427539754
6419,0.1427539754
6441,0.1487588499
6420,0.1609832697
6434,0.1609832697
6421,0.1842077328
6442,0.1842077328
6435,0.1852487182
6422,0.1852487182
6443,0.1801153206
6423,0.1801153206
6424,0.1933823298
6436,0.1993018551
6444,0.1911992141
6425,0.1911992141
6426,0.1999791028
6437,0.1999791028
6445,0.2884744798
6427,0.2884744798
6428,0.1872620595
6446,0.1872620595
6429,0.15777685
6438,0.15777685
6447,0.1605406934
6439,0.1612920381
6430,0.1612920381
6431,0.1632484255
6440,0.1548250694
6432,0.1548250694
6448,0.1548250694
6517,0.1316535244
6532,0.1323891175
6518,0.1323891175
6540,0.132546452
6519,0.1367200473
6533,0.1367200473
6541,0.1492780371
6520,0.1492780371
6521,0.1505095648
6534,0.1505095648
6522,0.1429959666
6542,0.1429959666
6523,0.1412636282
6535,0.141784423
6543,0.1385226703
6524,0.1385226703
6525,0.1452265048
6536,0.1452265048
6526,0.2044829659
6544,0.2044829659
6545,0.1309177797
6527,0.1309177797
6537,0.1331952937
6528,0.1331952937
6546,0.1450669893
6538,0.1394436263
6529,0.1394436263
6530,0.1410902339
6531,0.1424792164
6539,0.1424792164
6547,0.1424792164
6616,0.1303247841
6617,0.1289849765
6631,0.1289849765
6639,0.1305385766
6618,0.1305054294
6632,0.1305054294
6619,0.134838152
6640,0.134838152
6620,0.1344464737
6633,0.1344464737
6621,0.1388712483
6641,0.1388712483
6622,0.1497781467
6634,0.1526245716
6623,0.1449456982
6642,0.1449456982
6624,0.15572213
6635,0.15572213
6643,0.1983996339
6625,0.1983996339
6626,0.1638755855
6644,0.1638755855
6636,0.1483758168
6627,0.1483758168
6645,0.1561494156
6637,0.1628173956
6628,0.1628173956
6629,0.1463494573
6638,0.1569606943
6630,0.1569606943
6646,0.1569606943
6721,0.1416394586
6736,0.1432157166
6722,0.1432157166
6744,0.1434775054
6737,0.1525112112
6723,0.1525112112
6724,0.1499588392
6745,0.1499588392
6738,0.1587396237
6725,0.1587396237
6726,0.173640978
6746,0.173640978
6727,0.1713727316
6739,0.1879601522
6728,0.181603335
6747,0.181603335
6740,0.1887514255
6729,0.1887514255
6748,0.2061455676
6730,0.2061455676
6749,0.1886550953
6731,0.1886550953
6741,0.1805302061
6732,0.1805302061
6750,0.1945245236
6733,0.1868382657
6742,0.1868382657
6734,0.1744402402
6743,0.1864070987
6735,0.1864070987
6751,0.1864070987
6815,0.1599268583
6816,0.1603645673
6829,0.1603645673
6837,0.1640398769
6817,0.1629744504
6830,0.1629744504
6818,0.1717775536
6838,0.1717775536
6819,0.1970647239
6831,0.1970647239
6839,0.2055010572
6820,0.2055010572
6821,0.2240560798
6832,0.228059984
6822,0.2013673763
6840,0.2013673763
6833,0.1923132946
6823,0.1923132946
6841,0.1846820447
6824,0.1846820447
6842,0.185818711
6825,0.185818711
6834,0.183000745
6826,0.183000745
6843,0.2083887405
6835,0.1869075689
6827,0.1985365882
6844,0.203204803
6828,0.203204803
6836,0.203204803
6911,0.1667660435
6924,0.1652280109
6932,0.1652280109
6912,0.1661432488
6925,0.1661432488
6913,0.1689511321
6933,0.1689511321
6926,0.1743858436
6914,0.1743858436
6934,0.1897475565
6915,0.1897475565
6916,0.1985853433
6927,0.2116913043
6917,0.2043939246
6935,0.2043939246
6928,0.2020790274
6918,0.2020790274
6919,0.201645042
6936,0.201645042
6920,0.2047811866
6937,0.2047811866
6929,0.213059625
6921,0.213059625
6938,0.2039656682
6930,0.1970568347
6922,0.1970568347
6923,0.2369841936
6931,0.2369841936
6939,0.2369841936
7008,0.1887075196
7023,0.1781537088
7009,0.1781537088
7031,0.1757185724
7010,0.1858377511
7024,0.1858377511
7032,0.1830020545
7011,0.1830020545
7025,0.1955872442
7012,0.1955872442
7013,0.1937645371
7033,0.1937645371
7014,0.2014987889
7026,0.1995101168
7015,0.201035917
7034,0.201035917
7027,0.2116991956
7016,0.2116991956
7035,0.2410907766
7017,0.2410907766
7018,0.1785904715
7036,0.1785904715
7028,0.1700225896
7019,0.1700225896
7037,0.1761350637
7029,0.1876285313
7020,0.1876285313
7021,0.1907816352
7030,0.185672673
7022,0.185672673
7038,0.185672673
7107,0.1523348956
7108,0.148718929
7122,0.148718929
7130,0.1518341609
7123,0.1649123215
7109,0.1649123215
7110,0.1746065089
7131,0.1746065089
7111,0.1693271225
7124,0.1693271225
7112,0.172308813
7132,0.172308813
7113,0.1902008148
7125,0.1749090498
7114,0.1752767196
7133,0.1752767196
7115,0.1970203057
7126,0.1970203057
7134,0.2182619866
7116,0.2182619866
7117,0.16031043
7135,0.16031043
7127,0.1554850485
7118,0.1554850485
7136,0.1669071029
7128,0.1818304512
7119,0.1818304512
7120,0.1596406919
7129,0.1709711124
7121,0.1709711124
7137,0.1709711124
7206,0.1550169136
7207,0.1573092279
7221,0.1573092279
7229,0.1558152862
7208,0.1598002431
7222,0.1598002431
7230,0.1591023809
7209,0.1591023809
7223,0.1608032448
7210,0.1608032448
7231,0.1672691615
7211,0.1672691615
7212,0.1706769152
7224,0.177093296
7213,0.1699081186
7232,0.1699081186
7214,0.1853402491
7225,0.1853402491
7233,0.2388771433
7215,0.2388771433
7216,0.1923608248
7234,0.1923608248
7217,0.1753541477
7226,0.1753541477
7235,0.1905210932
7227,0.2052731164
7218,0.2052731164
7219,0.1871753849
7236,0.2135369465
7220,0.2135369465
7228,0.2135369465
7307,0.1792961654
7322,0.1808762322
7308,0.1808762322
7330,0.1775884573
7323,0.1753541477
7309,0.1753541477
7331,0.1896162527
7310,0.1896162527
7311,0.1988478543
7324,0.1988478543
7332,0.220772614
7312,0.220772614
7313,0.2289695854
7325,0.2248846529
7333,0.2123810648
7314,0.2123810648
7315,0.2306715336
7326,0.2306715336
7316,0.2608908963
7334,0.2608908963
7335,0.1994882559
7317,0.1994882559
7327,0.2227147716
7318,0.2227147716
7336,0.2527475905
7319,0.2194003234
7328,0.2194003234
7320,0.1535848741
7329,0.1863889902
7321,0.1863889902
7337,0.1863889902
7414,0.1368655122
7415,0.1391402082
7429,0.1391402082
7437,0.1434781076
7430,0.1465043122
7416,0.1465043122
7417,0.1490238201
7438,0.1490238201
7431,0.1418173499
7418,0.1418173499
7439,0.1385871757
7419,0.1385871757
7420,0.148517612
7432,0.1512199802
7440,0.1505157058
7421,0.1505157058
7433,0.1607201044
7422,0.1607201044
7441,0.1592708857
7423,0.1592708857
7442,0.1738687423
7424,0.1738687423
7434,0.1954471254
7425,0.1954471254
7443,0.1642003433
7435,0.1645393341
7426,0.1645393341
7427,0.150391608
7428,0.1584920896
7436,0.1584920896
7444,0.1584920896
7510,0.1189903698
7511,0.1208212638
7523,0.1208212638
7531,0.1271610306
7512,0.1444166418
7524,0.1444166418
7532,0.1648008567
7513,0.1648008567
7514,0.1723398533
7525,0.1723398533
7533,0.1671618183
7515,0.173496173
7526,0.177684358
7534,0.1750386411
7516,0.1750386411
7517,0.1677882756
7527,0.1677882756
7518,0.1620728509
7535,0.1620728509
7536,0.1583383828
7519,0.1583383828
7528,0.1463460452
7520,0.1463460452
7537,0.164598496
7529,0.1642928824
7521,0.1815226856
7522,0.1727521463
7530,0.1727521463
7538,0.1727521463
7603,0.131423236
7616,0.1294806696
7624,0.1330742382
7604,0.1515262028
7617,0.1515262028
7605,0.1762737901
7625,0.1762737901
7606,0.1856703603
7618,0.1856703603
7626,0.1914884275
7607,0.1914884275
7608,0.1898369094
7619,0.1874351847
7609,0.1807535179
7627,0.1807535179
7620,0.1731769183
7610,0.1731769183
7628,0.1698284236
7611,0.1698284236
7612,0.1609720814
7629,0.1609720814
7613,0.1518227044
7621,0.1518227044
7630,0.1592554222
7622,0.1679078669
7614,0.1679078669
7615,0.2155715834
7631,0.2155715834
7623,0.2155715834
7708,0.1989996826
7723,0.1976931477
7709,0.1976931477
7731,0.1903548646
7724,0.1831695681
7710,0.1831695681
7711,0.1895262943
7732,0.1895262943
7712,0.1902551746
7725,0.1902551746
7713,0.1864370014
7733,0.1864370014
7714,0.1899586424
7726,0.1975195461
7734,0.1868443352
7715,0.1868443352
7716,0.1847611444
7727,0.1847611444
7735,0.1810342733
7717,0.1810342733
7736,0.1730299865
7718,0.1730299865
7728,0.166592359
7719,0.166592359
7737,0.1760325654
7729,0.1926884174
7720,0.1926884174
7721,0.2100949957
7738,0.2753150798
7722,0.2753150798
7730,0.2753150798
7807,0.1439292475
7822,0.1429887773
7808,0.1429887773
7830,0.1421190932
7809,0.1522707565
7823,0.1522707565
7810,0.1560568619
7831,0.1560568619
7811,0.1710284971
7824,0.1710284971
7832,0.1779103904
7812,0.1779103904
7813,0.1868960266
7825,0.1889202748
7833,0.17994825
7814,0.17994825
7815,0.1990685572
7826,0.1990685572
7816,0.2776635849
7834,0.2776635849
7835,0.2296758148
7817,0.2296758148
7827,0.1718168594
7818,0.1718168594
7836,0.1420464045
7828,0.1429326452
7819,0.1429326452
7820,0.1372013847
7821,0.1348564283
7829,0.1348564283
7837,0.1348564283
7906,0.1181668067
7907,0.1181668067
7921,0.1181668067
7929,0.1185016554
7908,0.1216266936
7922,0.1216266936
7930,0.1314005276
7909,0.1314005276
7910,0.1332085413
7923,0.1332085413
7931,0.1446129835
7911,0.1446129835
7912,0.1557964448
7924,0.1628352425
7932,0.1616640317
7913,0.1616640317
7925,0.1774526735
7914,0.1774526735
7933,0.2688570407
7915,0.2688570407
7934,0.1586377815
7916,0.1586377815
7917,0.1498344092
7926,0.1498344092
7935,0.1466398488
7927,0.1838522937
7918,0.1838522937
7919,0.2507137282
7928,0.1582754027
7920,0.1582754027
7936,0.1582754027
8007,0.1192306334
8008,0.1195231293
8022,0.1195231293
8030,0.118832853
8023,0.1303152801
8009,0.1303152801
8010,0.1419875695
8031,0.1419875695
8024,0.1486006137
8011,0.1486006137
8012,0.1550861752
8032,0.1550861752
8013,0.1697948646
8025,0.1708684586
8014,0.1680886425
8033,0.1680886425
8015,0.1732861631
8026,0.1732861631
8016,0.2205157479
8034,0.2205157479
8017,0.1728815686
8035,0.1728815686
8018,0.1494286964
8027,0.1494286964
8036,0.1541532594
8019,0.1513496771
8028,0.1513496771
8020,0.1585143801
8021,0.1596935832
8029,0.1596935832
8037,0.1596935832
8112,0.1232210051
8127,0.1207398892
8113,0.1207398892
8135,0.1182954326
8128,0.122561954
8114,0.122561954
8115,0.1287985052
8136,0.1287985052
8129,0.1367787514
8116,0.1367787514
8137,0.1594522079
8117,0.1594522079
8118,0.1834091565
8130,0.1943456528
8138,0.1717950509
8119,0.1717950509
8120,0.1733407006
8131,0.1733407006
8139,0.1853620607
8121,0.1853620607
8140,0.1605339857
8122,0.1605339857
8132,0.1572847647
8123,0.1572847647
8141,0.1604861224
8133,0.1731586331
8124,0.1731586331
8125,0.1675420624
8134,0.1955613911
8126,0.1955613911
8142,0.1955613911
8206,0.1374739094
8220,0.1178141151
8207,0.1178141151
8228,0.1156136704
8208,0.1166748724
8221,0.1166748724
8209,0.121778201
8229,0.121778201
8210,0.1276200566
8222,0.1276200566
8211,0.1321863195
8230,0.1321863195
8212,0.1501713883
8223,0.1738054489
8213,0.1700893493
8231,0.1700893493
8224,0.1782273839
8214,0.1782273839
8232,0.1794284706
8215,0.1794284706
8233,0.1799361832
8216,0.1799361832
8225,0.1838912844
8217,0.1838912844
8234,0.1847605699
8226,0.1776596085
8218,0.1570798354
8219,0.1492944553
8227,0.1492944553
8235,0.1492944553
8302,0.1547547526
8315,0.1723434909
8323,0.1948467393
8303,0.2233389756
8316,0.2233389756
8304,0.217622842
8324,0.217622842
8305,0.195417851
8317,0.195417851
8306,0.1887867398
8325,0.1887867398
8307,0.1901930185
8318,0.1956163265
8326,0.2047171659
8308,0.2047171659
8309,0.2188414106
8319,0.2188414106
8310,0.2271011749
8327,0.2271011749
8328,0.2327332703
8311,0.2327332703
8320,0.2422448654
8312,0.2422448654
8329,0.2349864409
8313,0.2720155334
8321,0.2720155334
8314,0.3016696701
8322,0.3016696701
8330,0.3016696701
8399,0.221358119
8414,0.2019005888
8400,0.2019005888
8422,0.1992147147
8415,0.2124097458
8401,0.2124097458
8423,0.2172892318
8402,0.2172892318
8403,0.2052612927
8416,0.2052612927
8404,0.2126099051
8424,0.2126099051
8405,0.2376957374
8417,0.217706967
8425,0.2135390476
8406,0.2135390476
8407,0.2236241568
8418,0.2236241568
8408,0.3032381678
8426,0.3032381678
8427,0.3217083253
8409,0.3217083253
8419,0.2835879927
8410,0.2835879927
8428,0.2197922578
8420,0.1945982659
8411,0.1945982659
8412,0.1846950973
8413,0.1971531617
8421,0.1971531617
8429,0.1971531617
8497,0.1741677951
8498,0.1624841163
8512,0.1624841163
8520,0.1748411256
8499,0.1873866605
8513,0.1873866605
8500,0.1928387376
8521,0.1928387376
8501,0.1938372848
8514,0.1938372848
8522,0.1983129658
8502,0.1983129658
8503,0.1938389191
8515,0.1977833812
8504,0.1988040473
8523,0.1988040473
8505,0.2037053316
8516,0.2037053316
8506,0.2923289556
8524,0.2923289556
8525,0.2027805504
8507,0.2027805504
8517,0.1806178688
8508,0.1806178688
8526,0.1753356408
8509,0.1770209408
8518,0.1770209408
8510,0.1862329181
8511,0.2172537132
8519,0.2172537132
8527,0.2172537132
8596,0.2078206285
8597,0.1934130859
8611,0.1934130859
8619,0.1918695655
8612,0.1934601567
8598,0.1934601567
8599,0.1987381768
8620,0.1987381768
8600,0.1837573333
8613,0.1837573333
8601,0.1873536843
8621,0.1873536843
8602,0.156435893
8614,0.13805158
8603,0.1353231368
8622,0.1353231368
8604,0.146980505
8615,0.146980505
8623,0.1792804437
8605,0.1792804437
8624,0.1366217168
8606,0.1366217168
8607,0.1317886802
8616,0.1317886802
8625,0.1374353077
8617,0.1342960807
8608,0.1342960807
8609,0.1426534828
8618,0.1500862992
8610,0.1500862992
8626,0.1500862992
8699,0.1527637866
8714,0.1690857166
8700,0.1690857166
8722,0.1616576526
8701,0.1549745345
8715,0.1549745345
8702,0.1627230277
8723,0.1627230277
8703,0.1675063095
8716,0.1675063095
8704,0.1853325135
8724,0.1853325135
8705,0.194569289
8717,0.193334712
8725,0.1777957052
8706,0.1777957052
8718,0.1793070538
8707,0.1793070538
8726,0.2326581415
8708,0.2326581415
8727,0.230333743
8709,0.230333743
8710,0.1881930667
8719,0.1881930667
8728,0.1573002331
8711,0.1588799982
8720,0.1588799982
8712,0.1746927933
8729,0.1719481633
8721,0.1719481633
8713,0.1719481633
8806,0.134745453
8821,0.1406422668
8807,0.1406422668
8829,0.1518876289
8822,0.148413486
8808,0.148413486
8830,0.1283608203
8809,0.1283608203
8810,0.1171072374
8823,0.1171072374
8831,0.1161337122
8811,0.1161337122
8812,0.1177215683
8824,0.112965027
8832,0.1150806101
8813,0.1150806101
8814,0.1172423572
8825,0.1172423572
8815,0.1132051717
8833,0.1132051717
8834,0.1199615038
8816,0.1199615038
8826,0.1300015075
8817,0.1300015075
8835,0.1361468491
8818,0.1376440281
8827,0.1376440281
8819,0.1318580231
8828,0.1297406606
8820,0.1297406606
8836,0.1297406606
8900,0.1102727404
8914,0.1104944581
8901,0.1104944581
8922,0.1133661785
8902,0.1320696049
8915,0.1320696049
8903,0.1508415577
8923,0.1508415577
8904,0.159353329
8916,0.159353329
8924,0.161511077
8905,0.161511077
8906,0.1754291558
8917,0.1757785436
8907,0.1732041963
8925,0.1732041963
8918,0.1472343594
8908,0.1472343594
8926,0.141935502
8909,0.141935502
8927,0.1377911799
8910,0.1377911799
8911,0.1483801106
8919,0.1483801106
8928,0.1459601449
8920,0.144514308
8912,0.1458825291
8921,0.1466748027
8913,0.1466748027
8929,0.1466748027
8996,0.1274274678
9009,0.1442942032
9017,0.1578421933
9010,0.1546015015
8997,0.1546015015
9018,0.1658295834
8998,0.1658295834
8999,0.1748089602
9011,0.1748089602
9019,0.1751722306
9000,0.1751722306
9001,0.1782063533
9012,0.1842021324
9002,0.1789460681
9020,0.1789460681
9013,0.1793553763
9003,0.1793553763
9004,0.175637703
9021,0.175637703
9005,0.1746738595
9022,0.1746738595
9014,0.1731928636
9006,0.1731928636
9023,0.1720441539
9007,0.1661086536
9015,0.1661086536
9016,0.1726439445
9008,0.1726439445
9024,0.1726439445
9095,0.1375647998
9096,0.1422751008
9110,0.1422751008
9118,0.1465259182
9111,0.1519742823
9097,0.1519742823
9119,0.1545492256
9098,0.1545492256
9099,0.1680581211
9112,0.1680581211
9100,0.1702880234
9120,0.1702880234
9101,0.1719718617
9113,0.1664818284
9121,0.1684470459
9102,0.1684470459
9103,0.1867501844
9114,0.1867501844
9104,0.25420046
9122,0.25420046
9123,0.1776245605
9105,0.1776245605
9115,0.1575937509
9106,0.1575937509
9124,0.15900019
9116,0.1593104755
9107,0.1593104755
9108,0.1581706224
9109,0.1546554101
9117,0.1546554101
9125,0.1546554101
9194,0.1271207985
9209,0.1282255983
9195,0.1282255983
9217,0.1342883489
9196,0.1402687165
9210,0.1402687165
9197,0.1300306137
9218,0.1300306137
9211,0.1252056139
9198,0.1252056139
9199,0.1315410173
9219,0.1315410173
9200,0.1392366975
9212,0.1588424591
9220,0.1644786855
9201,0.1644786855
9213,0.1816631306
9202,0.1816631306
9203,0.2311636193
9221,0.2311636193
9222,0.1795570337
9204,0.1795570337
9205,0.1564562899
9214,0.1564562899
9223,0.1502469081
9206,0.141804858
9215,0.141804858
9207,0.1309956185
9208,0.1335638343
9216,0.1335638343
9224,0.1335638343
9292,0.1294473297
9293,0.1290910927
9307,0.1290910927
9315,0.1378234686
9308,0.1400869231
9294,0.1400869231
9316,0.1471425942
9295,0.1471425942
9309,0.1431695551
9296,0.1431695551
9297,0.1553646302
9317,0.1553646302
9298,0.1641774986
9310,0.1559047842
9299,0.1455663391
9318,0.1455663391
9311,0.1562177866
9300,0.1562177866
9301,0.1933640766
9319,0.1933640766
9320,0.1589278544
9302,0.1589278544
9312,0.1590511709
9303,0.1590511709
9321,0.1703269988
9313,0.1683464372
9304,0.1683464372
9305,0.1719200456
9314,0.1643389992
9306,0.1643389992
9322,0.1643389992
9395,0.146505454
9410,0.14156902
9396,0.14156902
9418,0.1420142311
9397,0.1540150155
9411,0.1540150155
9398,0.1645346789
9419,0.1645346789
9412,0.1710577882
9399,0.1710577882
9400,0.1920748274
9420,0.1920748274
9401,0.196399457
9413,0.2058214217
9421,0.1989878081
9402,0.1989878081
9403,0.2216030745
9414,0.2216030745
9422,0.2447599738
9404,0.2447599738
9423,0.2078110672
9405,0.2078110672
9415,0.18285902
9406,0.18285902
9424,0.181450417
9407,0.1885572472
9416,0.1885572472
9408,0.1810768752
9409,0.1531983764
9417,0.1531983764
9425,0.1531983764
9500,0.1461750728
9501,0.1447270914
9515,0.1447270914
9523,0.140902427
9516,0.1321701448
9502,0.1321701448
9524,0.1325696332
9503,0.1325696332
9504,0.137162506
9517,0.137162506
9505,0.1420662364
9525,0.1420662364
9506,0.1490572359
9518,0.1677440884
9526,0.1435095941
9507,0.1435095941
9508,0.1524851405
9519,0.1524851405
9509,0.1670050579
9527,0.1670050579
9528,0.1485923736
9510,0.1485923736
9520,0.144884681
9511,0.144884681
9529,0.1562932848
9521,0.1464498185
9512,0.1464498185
9513,0.1461212099
9514,0.1623349823
9522,0.1623349823
9530,0.1623349823
9594,0.1191908216
9595,0.1161770833
9608,0.1161770833
9616,0.1212172711
9596,0.1303123481
9609,0.1303123481
9617,0.1523892278
9597,0.1523892278
9610,0.1670639924
9598,0.1670639924
9599,0.1719267611
9618,0.1719267611
9600,0.1782174398
9611,0.1892800508
9601,0.181105689
9619,0.181105689
9602,0.1848569486
9612,0.1848569486
9603,0.1940421904
9620,0.1940421904
9604,0.1932022856
9621,0.1932022856
9613,0.1759350867
9605,0.1759350867
9622,0.1619347055
9614,0.1670169356
9606,0.1632249759
9607,0.1677061605
9623,0.1677061605
9615,0.1677061605
9690,0.1258141015
9703,0.1288592675
9711,0.132594077
9691,0.1319314963
9704,0.1319314963
9712,0.1355265369
9692,0.1355265369
9693,0.1340947498
9705,0.1340947498
9694,0.149906307
9713,0.149906307
9695,0.1604599712
9706,0.1671638468
9696,0.1655113031
9714,0.1655113031
9697,0.1773695482
9707,0.1773695482
9698,0.1691293842
9715,0.1691293842
9699,0.1780282674
9716,0.1780282674
9708,0.188365669
9700,0.188365669
9717,0.1806783957
9709,0.179017025
9701,0.179017025
9710,0.2008773961
9702,0.2008773961
9718,0.2008773961
9786,0.1379253934
9801,0.1371496041
9787,0.1371496041
9809,0.1400840206
9788,0.1496687027
9802,0.1496687027
9789,0.1513209643
9810,0.1513209643
9803,0.1549711874
9790,0.1549711874
9791,0.1646618736
9811,0.1646618736
9792,0.1754471013
9804,0.1895404757
9812,0.1812322092
9793,0.1812322092
9794,0.2322494578
9805,0.2322494578
9813,0.2277328371
9795,0.2277328371
9796,0.1855572074
9814,0.1855572074
9806,0.1648156717
9797,0.1648156717
9815,0.1601802074
9798,0.1732201978
9807,0.1732201978
9799,0.1679348374
9808,0.1679722015
9816,0.1679722015
9800,0.1679722015
9877,0.1430268663
9892,0.1453283956
9878,0.1453283956
9900,0.1473217773
9879,0.1553244466
9893,0.1553244466
9901,0.1748536491
9880,0.1748536491
9894,0.1802384152
9881,0.1802384152
9902,0.1881601546
9882,0.1881601546
9883,0.1934481663
9895,0.2041403751
9903,0.1918282602
9884,0.1918282602
9885,0.1967717949
9896,0.1967717949
9904,0.2290037632
9886,0.2290037632
9887,0.1801196643
9905,0.1801196643
9888,0.1575189856
9897,0.1575189856
9906,0.1597628035
9898,0.1741839922
9889,0.1741839922
9890,0.1645107607
9899,0.1537969318
9891,0.1537969318
9907,0.1537969318
9973,0.1409314568
9974,0.132717433
9988,0.132717433
9996,0.1433224392
9975,0.1629058563
9989,0.1629058563
9997,0.1623713532
9976,0.1623713532
9977,0.1819975829
9990,0.1819975829
9978,0.1867845268
9998,0.1867845268
9979,0.1861626521
9991,0.1847451911
9999,0.1813190003
9980,0.1813190003
9981,0.1958818164
9992,0.1958818164
10000,0.2156716733
9982,0.2156716733
9983,0.1788734571
10001,0.1788734571
9993,0.1883714683
9984,0.1883714683
10002,0.1706540772
9985,0.1813421914
9994,0.1813421914
9986,0.1619410468
10003,0.1709563765
9987,0.1709563765
9995,0.1709563765
10076,0.1565774151
10077,0.1606006724
10091,0.1606006724
10099,0.1601182774
10078,0.1493173032
10092,0.1493173032
10100,0.1535326358
10079,0.1535326358
10080,0.1590690154
10093,0.1590690154
10101,0.1691216281
10081,0.1691216281
10082,0.1689810848
10094,0.170259418
10083,0.168599232
10102,0.168599232
10095,0.1857893959
10084,0.1857893959
10085,0.2115413916
10103,0.2115413916
10086,0.1674458968
10104,0.1674458968
10096,0.152797369
10087,0.152797369
10105,0.1629983302
10088,0.16469253
10097,0.16469253
10089,0.1606022425
10090,0.166202328
10098,0.166202328
10106,0.166202328
10180,0.1744251515
10195,0.1758548773
10181,0.1758548773
10202,0.1748891998
10196,0.1733214472
10182,0.1733214472
10183,0.1796790798
10203,0.1796790798
10197,0.181109341
10184,0.181109341
10204,0.1915057037
10185,0.1915057037
10186,0.1984990272
10205,0.202031509
10187,0.202031509
10198,0.2172688085
10188,0.2172688085
10206,0.2598963162
10189,0.2598963162
10207,0.2683402634
10190,0.2683402634
10199,0.2318352067
10191,0.2318352067
10208,0.1668925342
10200,0.1728713687
10192,0.1728713687
10193,0.189434536
10194,0.20484888
10201,0.20484888
10209,0.20484888
10275,0.1452802996
10289,0.135890497
10276,0.135890497
10297,0.1432528118
10290,0.1672774528
10277,0.1672774528
10298,0.1911369366
10278,0.1911369366
10279,0.186166829
10291,0.186166829
10280,0.2010433078
10299,0.2010433078
10281,0.22312645
10292,0.2245947765
10300,0.224880564
10282,0.224880564
10283,0.202035137
10293,0.202035137
10284,0.2337621327
10301,0.2337621327
10302,0.2210503965
10285,0.2210503965
10294,0.2091058417
10286,0.2091058417
10303,0.1962539903
10295,0.2333052026
10287,0.229438743
10288,0.2046431777
10296,0.2046431777
10304,0.2046431777
10373,0.1318359723
10386,0.1234197477
10394,0.1463204334
10387,0.1912301639
10374,0.1912301639
10375,0.2051903103
10395,0.2051903103
10376,0.2195045167
10388,0.2195045167
10377,0.2247558379
10396,0.2247558379
10378,0.2449948019
10389,0.2704274426
10397,0.2766864402
10379,0.2766864402
10380,0.2773100055
10390,0.2773100055
10398,0.2474343308
10381,0.2474343308
10382,0.2481060117
10399,0.2481060117
10391,0.222668638
10383,0.222668638
10400,0.2366368387
10384,0.3360569639
10392,0.3360569639
10385,0.2826011504
10393,0.2826011504
10401,0.2826011504
10472,0.1625869
10487,0.147196406
10473,0.147196406
10495,0.1661768196
10474,0.2121002243
10488,0.2121002243
10475,0.2263648961
10496,0.2263648961
10476,0.2353332157
10489,0.2353332157
10497,0.253963351
10477,0.253963351
10478,0.321749949
10490,0.3273763629
10498,0.3670127963
10479,0.3670127963
10480,0.3917107283
10491,0.3917107283
10481,0.3396066716
10499,0.3396066716
10500,0.3291791849
10482,0.3291791849
10492,0.3049972212
10483,0.3049972212
10501,0.2894945118
10484,0.2531436695
10493,0.2531436695
10485,0.2626594423
10486,0.2925042848
10494,0.2925042848
10502,0.2925042848
10571,0.1811740717
10670,0.1811740717
10586,0.175108728
10572,0.175108728
10685,0.175108728
10671,0.175108728
10693,0.1797771028
10594,0.1797771028
10573,0.1684742531
10672,0.1684742531
10686,0.1684742531
10587,0.1684742531
10595,0.1662555619
10694,0.1662555619
10673,0.1662555619
10574,0.1662555619
10687,0.1825293248
10588,0.1825293248
10575,0.1825293248
10674,0.1825293248
10675,0.2168996395
10695,0.2168996395
10576,0.2168996395
10596,0.2168996395
10577,0.2561172169
10676,0.2561172169
10589,0.237052177
10688,0.237052177
10597,0.2711466618
10696,0.2711466618
10677,0.2711466618
10578,0.2711466618
10590,0.3303343885
10579,0.3303343885
10678,0.3303343885
10689,0.3303343885
10679,0.2551173649
10598,0.2551173649
10697,0.2551173649
10580,0.2551173649
10599,0.2274444859
10698,0.2274444859
10680,0.2274444859
10581,0.2274444859
10690,0.2090909798
10681,0.2090909798
10582,0.2090909798
10591,0.2090909798
10699,0.2043387101
10600,0.2043387101
10691,0.1954477985
10592,0.1954477985
10583,0.1954477985
10682,0.1954477985
10683,0.2048940718
10584,0.2048940718
10585,0.1979498139
10692,0.1979498139
10601,0.1979498139
10593,0.1979498139
10684,0.1979498139
10700,0.1979498139
10773,0.1667319134
10774,0.1671439754
10788,0.1671439754
10796,0.2046276083
10775,0.1829703932
10789,0.1829703932
10797,0.2204785818
10776,0.2204785818
10777,0.2529002472
10790,0.2529002472
10778,0.2573698231
10798,0.2573698231
10779,0.2585263099
10791,0.2477628801
10799,0.2636921329
10780,0.2636921329
10792,0.3181778956
10781,0.3181778956
10782,0.2699635118
10800,0.2699635118
10783,0.2558509368
10793,0.2472432748
10784,0.2472432748
10801,0.2173225219
10785,0.205066205
10794,0.205066205
10786,0.2075090954
10795,0.2515796181
10787,0.2515796181
10802,0.2515796181
10883,0.1521212813
10884,0.1584452479
10898,0.1584452479
10906,0.179670726
10899,0.2305595713
10885,0.2305595713
10886,0.2257448771
10907,0.2257448771
10887,0.2369131511
10900,0.2369131511
10908,0.2194247543
10888,0.2194247543
10889,0.2229560032
10901,0.2161642308
10890,0.2373118354
10909,0.2373118354
10891,0.2605251562
10902,0.2605251562
10892,0.2446719
10910,0.2446719
10911,0.2709760427
10893,0.2709760427
10894,0.2429900354
10903,0.2429900354
10912,0.237606781
10895,0.234574393
10904,0.234574393
10896,0.2154747484
10897,0.2303862612
10905,0.2303862612
10913,0.2303862612
10981,0.1554536966
10995,0.1610622827
10982,0.1610622827
11003,0.1770716962
10996,0.197763975
10983,0.197763975
10984,0.2437084288
11004,0.2437084288
10997,0.2700272472
10985,0.2700272472
10986,0.2731917483
11005,0.2731917483
10987,0.3326038009
10998,0.2769094335
10988,0.253070821
11006,0.253070821
10989,0.2420342578
10999,0.2420342578
11007,0.2223821204
10990,0.2223821204
10991,0.2100562024
11008,0.2100562024
10992,0.1910501729
11000,0.1910501729
11009,0.1812594436
11001,0.1905863022
10993,0.2120298743
11002,0.2114544791
10994,0.2114544791
11010,0.2114544791
11083,0.1557690811
11096,0.1596686591
11104,0.1638478929
11097,0.1724181902
11084,0.1724181902
11105,0.1738850351
11085,0.1738850351
11086,0.1708478903
11098,0.1708478903
11106,0.1788818907
11087,0.1788818907
11088,0.189119884
11099,0.2034397612
11089,0.2061015155
11107,0.2061015155
11100,0.2243345286
11090,0.2243345286
11108,0.2401869194
11091,0.2401869194
11109,0.2402478734
11092,0.2402478734
11101,0.2064553136
11093,0.2064553136
11110,0.190570983
11094,0.1864353534
11102,0.1864353534
11103,0.1839229308
11095,0.1839229308
11111,0.1839229308
11182,0.1561072983
11183,0.1604815561
11197,0.1604815561
11205,0.1673583922
11184,0.2148923055
11198,0.2148923055
11185,0.2078333863
11206,0.2078333863
11199,0.2279380191
11186,0.2279380191
11207,0.2256096188
11187,0.2256096188
11188,0.2244512748
11200,0.2200036293
11208,0.2425324348
11189,0.2425324348
11190,0.2575240839
11201,0.2575240839
11209,0.2581211583
11191,0.2581211583
11210,0.2487421441
11192,0.2487421441
11193,0.2259843293
11202,0.2259843293
11211,0.1976781288
11203,0.1840581628
11194,0.1840581628
11195,0.1958179775
11204,0.2792067104
11196,0.2792067104
11212,0.2792067104
11281,0.1942981098
11282,0.2038917127
11296,0.2038917127
11304,0.1979732167
11297,0.1987874444
11283,0.1987874444
11305,0.2002209061
11284,0.2002209061
11285,0.2028990151
11298,0.2028990151
11306,0.2486613003
11286,0.2486613003
11287,0.2782245926
11299,0.2548193616
11307,0.2516617494
11288,0.2516617494
11289,0.2468060384
11300,0.2468060384
11290,0.2528159761
11308,0.2528159761
11291,0.2325903989
11309,0.2325903989
11292,0.2190302017
11301,0.2190302017
11310,0.1876021505
11293,0.1776242219
11302,0.1776242219
11294,0.1877289886
11303,0.184605268
11295,0.184605268
11311,0.184605268
11382,0.1487515197
11383,0.1603791297
11397,0.1603791297
11405,0.1678662346
11398,0.1733526539
11384,0.1733526539
11406,0.2387941116
11385,0.2387941116
11399,0.2182725199
11386,0.2182725199
11407,0.2210491236
11387,0.2210491236
11388,0.2483461579
11400,0.2711758072
11408,0.2873096981
11389,0.2873096981
11401,0.298526053
11390,0.298526053
11409,0.2499504322
11391,0.2499504322
11392,0.2267582929
11410,0.2267582929
11402,0.244474806
11393,0.244474806
11411,0.2590487421
11394,0.2438573764
11403,0.2438573764
11395,0.2291226521
11412,0.2154323338
11404,0.2154323338
11396,0.2154323338
11487,0.1808105592
11502,0.177789425
11488,0.177789425
11510,0.181341119
11503,0.17971815
11489,0.17971815
11511,0.1678946918
11490,0.1678946918
11491,0.1656486002
11504,0.1656486002
11512,0.1633990422
11492,0.1633990422
11493,0.1524129727
11505,0.1469997226
11494,0.1615939425
11513,0.1615939425
11506,0.1804366427
11495,0.1804366427
11514,0.1693329694
11496,0.1693329694
11497,0.1699412234
11515,0.1699412234
11498,0.1652764382
11507,0.1652764382
11516,0.1726574459
11499,0.1675660613
11508,0.1675660613
11500,0.1686862574
11501,0.1853232414
11509,0.1853232414
11517,0.1853232414
11596,0.1780354288
11597,0.1737252361
11611,0.1737252361
11619,0.1764134104
11612,0.1741745665
11598,0.1741745665
11620,0.1702270848
11599,0.1702270848
11600,0.1765953279
11613,0.1765953279
11601,0.1894584763
11621,0.1894584763
11602,0.2007494075
11614,0.1935085823
11603,0.2007030849
11622,0.2007030849
11604,0.1987235474
11615,0.1987235474
11605,0.1970499529
11623,0.1970499529
11624,0.1760237464
11606,0.1760237464
11616,0.1846077273
11607,0.1846077273
11625,0.181620384
11608,0.1987785264
11617,0.1987785264
11609,0.1847789007
11610,0.1906547901
11618,0.1906547901
11626,0.1906547901
11692,0.1399567167
11706,0.1403059564
11693,0.1403059564
11714,0.1400166142
11707,0.1525889915
11694,0.1525889915
11715,0.1568821981
11695,0.1568821981
11708,0.1499070948
11696,0.1499070948
11716,0.1565038515
11697,0.1565038515
11698,0.1566087253
11709,0.1538755668
11717,0.1580955159
11699,0.1580955159
11710,0.160789669
11700,0.160789669
11718,0.1886125169
11701,0.1886125169
11719,0.197024469
11702,0.197024469
11703,0.1797129329
11711,0.1797129329
11720,0.1843117856
11712,0.1678432524
11704,0.1899190068
11713,0.2627573062
11705,0.2627573062
11721,0.2627573062
11792,0.1601943521
11805,0.179821813
11813,0.1567414781
11793,0.180877594
11806,0.180877594
11794,0.1853488401
11814,0.1853488401
11807,0.1868047707
11795,0.1868047707
11796,0.2244691754
11815,0.2244691754
11797,0.2394869938
11808,0.2265186171
11798,0.2222252465
11816,0.2222252465
11799,0.2053081805
11809,0.2053081805
11817,0.2092008794
11800,0.2092008794
11801,0.2191254603
11818,0.2191254603
11810,0.1981601001
11802,0.1981601001
11819,0.2298234148
11803,0.2793468577
11811,0.2793468577
11812,0.2022941489
11804,0.2022941489
11820,0.2022941489
11890,0.1447245364
11905,0.1384787295
11891,0.1384787295
11913,0.147629542
11892,0.1373644719
11906,0.1373644719
11914,0.1437238765
11893,0.1437238765
11907,0.1501061597
11894,0.1501061597
11915,0.1494220698
11895,0.1494220698
11896,0.1701384416
11908,0.1591232411
11897,0.1713356825
11916,0.1713356825
11898,0.1713420116
11909,0.1713420116
11917,0.1617494771
11899,0.1617494771
11918,0.1625506833
11900,0.1625506833
11910,0.1658531017
11901,0.1658531017
11919,0.1632815459
11911,0.1669339809
11902,0.1669339809
11903,0.1647562507
11920,0.180554542
11904,0.180554542
11912,0.180554542
11991,0.1811711508
12006,0.1820243454
11992,0.1820243454
12014,0.179081697
11993,0.169550915
12007,0.169550915
12015,0.161513997
11994,0.161513997
11995,0.1864841361
12008,0.1864841361
12016,0.229488258
11996,0.229488258
11997,0.2699923471
12009,0.3201477223
12017,0.3793296535
11998,0.3793296535
11999,0.3614373742
12010,0.3614373742
12000,0.3126609751
12018,0.3126609751
12019,0.2583769485
12001,0.2583769485
12011,0.2660108381
12002,0.2660108381
12020,0.2531824071
12003,0.2272032787
12012,0.2272032787
12004,0.235492793
12005,0.2342583335
12013,0.2342583335
12021,0.2342583335
12094,0.2010958397
12095,0.2084391141
12109,0.2084391141
12117,0.2041903113
12110,0.2051887065
12096,0.2051887065
12118,0.2183094642
12097,0.2183094642
12098,0.2174048178
12111,0.2174048178
12119,0.2321343357
12099,0.2321343357
12100,0.2435503733
12112,0.2241408898
12120,0.2271765253
12101,0.2271765253
12102,0.2270861272
12113,0.2270861272
12103,0.2260872087
12121,0.2260872087
12104,0.2507907525
12122,0.2507907525
12105,0.2397355974
12114,0.2397355974
12123,0.2264882163
12106,0.2083986263
12115,0.2083986263
12107,0.2179353725
12108,0.2177640937
12116,0.2177640937
12124,0.2177640937
12215,0.1575777368
12216,0.1548471311
12230,0.1548471311
12240,0.1565653651
12231,0.1612373269
12217,0.1612373269
12241,0.1644899528
12218,0.1644899528
12219,0.1675100493
12232,0.1675100493
12233,0.1787489966
12220,0.1787489966
12242,0.1787489966
12221,0.1793480397
12234,0.1972658108
12243,0.1970967227
12222,0.1970967227
12235,0.1785742854
12223,0.1785742854
12244,0.1785742854
12224,0.1815051072
12245,0.1815051072
12225,0.2000094745
12246,0.2000094745
12226,0.1952788085
12236,0.1952788085
12237,0.1952788085
12247,0.2106593282
12227,0.2005780903
12238,0.2005780903
12228,0.1994491276
12239,0.2448238479
12229,0.2448238479
12248,0.2448238479
12335,0.1592864954
12336,0.1592135973
12350,0.1592135973
12359,0.1838641419
12337,0.2428494634
12351,0.2428494634
12360,0.3157556308
12338,0.3157556308
12361,0.3157556308
12352,0.3153790907
12339,0.3153790907
12353,0.2532992387
12362,0.2532992387
12340,0.2532992387
12341,0.2585568849
12354,0.2771403964
12342,0.3288466032
12363,0.3288466032
12343,0.2831213438
12355,0.2831213438
12344,0.2923915755
12364,0.2923915755
12365,0.2886781141
12345,0.2886781141
12356,0.2674347278
12346,0.2674347278
12366,0.2342261889
12347,0.2223299256
12357,0.2223299256
12348,0.2186365538
12367,0.2224070011
12349,0.2224070011
12358,0.2224070011
